Name,Name of Module,Description of Module,Description of Type,Size,Activity dates,Duration
5214BLCF3Y/CP/P1/01,5214BLCF3Y,Basic Linux and Coding for AA,Computer practicum,24,,16
5214BLCF3Y/CP/P1/01,5214BLCF3Y,Basic Linux and Coding for AA,Computer practicum,24,01/09/15,16
5214BLCF3Y/CP/P1/01,5214BLCF3Y,Basic Linux and Coding for AA,Computer practicum,24,08/09/15,16
5214BLCF3Y/CP/P1/01,5214BLCF3Y,Basic Linux and Coding for AA,Computer practicum,24,15/09/15,16
5214BLCF3Y/CP/P1/01,5214BLCF3Y,Basic Linux and Coding for AA,Computer practicum,24,22/09/15,16
5214BLCF3Y/CP/P1/01,5214BLCF3Y,Basic Linux and Coding for AA,Computer practicum,24,29/09/15,16
5214BLCF3Y/CP/P1/01,5214BLCF3Y,Basic Linux and Coding for AA,Computer practicum,24,06/10/15,16
5214BLCF3Y/CP/P1/01,5214BLCF3Y,Basic Linux and Coding for AA,Computer practicum,24,13/10/15,16
5214BLCF3Y/CP/P1/02,5214BLCF3Y,Basic Linux and Coding for AA,Computer practicum,25,3/9/15,10/9/15,17/9/15,24/9/15,1/10/15,8/10/15,15/10/15,16
5214BLCF3Y/HerT/P3/01,5214BLCF3Y,Basic Linux and Coding for AA,Hertentamen,5,11/01/16,13
5214BLCF3Y/Tent/P1/01,5214BLCF3Y,Basic Linux and Coding for AA,Tentamen,30,19/10/15,13
5214HRPR6Y/H/P5/01,5214HRPR6Y,HEA: Radiative Processes and Relativistic Flows,Hoorcollege,25,29/03/16,8
5214HRPR6Y/H/P5/01,5214HRPR6Y,HEA: Radiative Processes and Relativistic Flows,Hoorcollege,25,05/04/16,8
5214HRPR6Y/H/P5/01,5214HRPR6Y,HEA: Radiative Processes and Relativistic Flows,Hoorcollege,25,11/04/16,8
5214HRPR6Y/H/P5/01,5214HRPR6Y,HEA: Radiative Processes and Relativistic Flows,Hoorcollege,25,19/04/16,8
5214HRPR6Y/H/P5/01,5214HRPR6Y,HEA: Radiative Processes and Relativistic Flows,Hoorcollege,25,25/04/16,8
5214HRPR6Y/H/P5/01,5214HRPR6Y,HEA: Radiative Processes and Relativistic Flows,Hoorcollege,25,03/05/16,8
5214HRPR6Y/H/P5/01,5214HRPR6Y,HEA: Radiative Processes and Relativistic Flows,Hoorcollege,25,10/05/16,8
5214HRPR6Y/H/P5/01,5214HRPR6Y,HEA: Radiative Processes and Relativistic Flows,Hoorcollege,25,17/05/16,8
5214HRPR6Y/H/P5/02,5214HRPR6Y,HEA: Radiative Processes and Relativistic Flows,Hoorcollege,25,01/04/16,8
5214HRPR6Y/H/P5/02,5214HRPR6Y,HEA: Radiative Processes and Relativistic Flows,Hoorcollege,25,08/04/16,8
5214HRPR6Y/H/P5/02,5214HRPR6Y,HEA: Radiative Processes and Relativistic Flows,Hoorcollege,25,13/04/16,8
5214HRPR6Y/H/P5/02,5214HRPR6Y,HEA: Radiative Processes and Relativistic Flows,Hoorcollege,25,22/04/16,8
5214HRPR6Y/H/P5/02,5214HRPR6Y,HEA: Radiative Processes and Relativistic Flows,Hoorcollege,25,29/04/16,8
5214HRPR6Y/H/P5/02,5214HRPR6Y,HEA: Radiative Processes and Relativistic Flows,Hoorcollege,25,13/05/16,8
5214HRPR6Y/H/P5/02,5214HRPR6Y,HEA: Radiative Processes and Relativistic Flows,Hoorcollege,25,20/05/16,8
5214HRPR6Y/HerT/P6/01,5214HRPR6Y,HEA: Radiative Processes and Relativistic Flows,Hertentamen,4,13/06/16,13
5214HRPR6Y/Tent/P5/01,5214HRPR6Y,HEA: Radiative Processes and Relativistic Flows,Tentamen,25,27/05/16,13
5214HRPR6Y/WC/P5/01,5214HRPR6Y,HEA: Radiative Processes and Relativistic Flows,Werkcollege,25,30/03/16,8
5214HRPR6Y/WC/P5/01,5214HRPR6Y,HEA: Radiative Processes and Relativistic Flows,Werkcollege,25,06/04/16,8
5214HRPR6Y/WC/P5/01,5214HRPR6Y,HEA: Radiative Processes and Relativistic Flows,Werkcollege,25,12/04/16,8
5214HRPR6Y/WC/P5/01,5214HRPR6Y,HEA: Radiative Processes and Relativistic Flows,Werkcollege,25,20/04/16,8
5214HRPR6Y/WC/P5/01,5214HRPR6Y,HEA: Radiative Processes and Relativistic Flows,Werkcollege,25,26/04/16,8
5214HRPR6Y/WC/P5/01,5214HRPR6Y,HEA: Radiative Processes and Relativistic Flows,Werkcollege,25,04/05/16,8
5214HRPR6Y/WC/P5/01,5214HRPR6Y,HEA: Radiative Processes and Relativistic Flows,Werkcollege,25,11/05/16,8
5214HRPR6Y/WC/P5/01,5214HRPR6Y,HEA: Radiative Processes and Relativistic Flows,Werkcollege,25,18/05/16,8
5214HRPR6Y/WC/P5/02,5214HRPR6Y,HEA: Radiative Processes and Relativistic Flows,Werkcollege,25,01/04/16,8
5214HRPR6Y/WC/P5/02,5214HRPR6Y,HEA: Radiative Processes and Relativistic Flows,Werkcollege,25,08/04/16,8
5214HRPR6Y/WC/P5/02,5214HRPR6Y,HEA: Radiative Processes and Relativistic Flows,Werkcollege,25,18/04/16,8
5214HRPR6Y/WC/P5/02,5214HRPR6Y,HEA: Radiative Processes and Relativistic Flows,Werkcollege,25,22/04/16,8
5214HRPR6Y/WC/P5/02,5214HRPR6Y,HEA: Radiative Processes and Relativistic Flows,Werkcollege,25,29/04/16,8
5214HRPR6Y/WC/P5/02,5214HRPR6Y,HEA: Radiative Processes and Relativistic Flows,Werkcollege,25,13/05/16,8
5214HRPR6Y/WC/P5/02,5214HRPR6Y,HEA: Radiative Processes and Relativistic Flows,Werkcollege,25,20/05/16,8
5214OPMA6Y/H/P1/01,5214OPMA6Y,Open Problems in Modern Astrophysics,Hoorcollege,21,31/8/15,7/9/15,14/9/15,21/9/15,28/9/15,5/10/15,12/10/15,8
5214OPMA6Y/H/P1/02,5214OPMA6Y,Open Problems in Modern Astrophysics,Hoorcollege,21,4/9/15,11/9/15,18/9/15,25/9/15,2/10/15,9/10/15,16/10/15,8
5214SMFA3Y/CP/P2/01,5214SMFA3Y,Statistical Methods for the Physical Sciences,Computer practicum,40,30/10/15,6/11/15,13/11/15,20/11/15,27/11/15,4/12/15,11/12/15,8
5214SMFA3Y/H/P2/01,5214SMFA3Y,Statistical Methods for the Physical Sciences,Hoorcollege,40,26/10/15,2/11/15,9/11/15,16/11/15,23/11/15,30/11/15,7/12/15,8
5214SMFA3Y/H/P2/02,5214SMFA3Y,Statistical Methods for the Physical Sciences,Hoorcollege,40,27/10/15,3/11/15,10/11/15,17/11/15,24/11/15,1/12/15,8/12/15,8
5214STES6Y/H/P4/01,5214STES6Y,Structure and Evolution of Stars,Hoorcollege,20,1/2/16,8/2/16,15/2/16,22/2/16,29/2/16,7/3/16,14/3/16,8
5214STES6Y/H/P4/02,5214STES6Y,Structure and Evolution of Stars,Hoorcollege,20,2/2/16,9/2/16,16/2/16,23/2/16,1/3/16,8/3/16,15/3/16,8
5214STES6Y/Tent/P4/01,5214STES6Y,Structure and Evolution of Stars,Tentamen,20,21/03/16,17
5214STES6Y/WC/P4/01,5214STES6Y,Structure and Evolution of Stars,Werkcollege,20,1/2/16,8/2/16,15/2/16,22/2/16,29/2/16,7/3/16,14/3/16,8
5214STES6Y/WC/P4/02,5214STES6Y,Structure and Evolution of Stars,Werkcollege,20,2/2/16,9/2/16,16/2/16,23/2/16,1/3/16,8/3/16,15/3/16,8
52548AET6Y/H/P6/01,52548AET6Y,Advanced Experimental Techniques,Hoorcollege,10,30/5/16,6/6/16,13/6/16,20/6/16,8
52548AET6Y/H/P6/02,52548AET6Y,Advanced Experimental Techniques,Hoorcollege,10,1/6/16,8/6/16,15/6/16,22/6/16,8
52548AET6Y/H/P6/03,52548AET6Y,Advanced Experimental Techniques,Hoorcollege,10,2/6/16,9/6/16,16/6/16,23/6/16,8
52548AET6Y/HerT/P7/01,52548AET6Y,Advanced Experimental Techniques,Hertentamen,2,26/08/16,17
52548AET6Y/Tent/P6/01,52548AET6Y,Advanced Experimental Techniques,Tentamen,10,24/06/16,17
5254CFSE6Y/H/P4/01,5254CFSE6Y,Catalysis for Sustainable Energy,Hoorcollege,20,01/02/16,8
5254CFSE6Y/H/P4/02,5254CFSE6Y,Catalysis for Sustainable Energy,Hoorcollege,20,04/02/16,8
5254CFSE6Y/H/P4/03,5254CFSE6Y,Catalysis for Sustainable Energy,Hoorcollege,20,08/02/16,8
5254CFSE6Y/H/P4/04,5254CFSE6Y,Catalysis for Sustainable Energy,Hoorcollege,20,11/02/16,8
5254CFSE6Y/H/P4/05,5254CFSE6Y,Catalysis for Sustainable Energy,Hoorcollege,20,15/02/16,8
5254CFSE6Y/H/P4/06,5254CFSE6Y,Catalysis for Sustainable Energy,Hoorcollege,20,18/02/16,8
5254CFSE6Y/H/P4/07,5254CFSE6Y,Catalysis for Sustainable Energy,Hoorcollege,20,22/02/16,8
5254CFSE6Y/H/P4/08,5254CFSE6Y,Catalysis for Sustainable Energy,Hoorcollege,20,25/02/16,8
5254CFSE6Y/H/P4/09,5254CFSE6Y,Catalysis for Sustainable Energy,Hoorcollege,20,29/02/16,8
5254CFSE6Y/H/P4/10,5254CFSE6Y,Catalysis for Sustainable Energy,Hoorcollege,20,03/03/16,8
5254CFSE6Y/Pres/P4/01,5254CFSE6Y,Catalysis for Sustainable Energy,Presentatie,20,21/03/16,8
5254CFSE6Y/Proj/P4/01,5254CFSE6Y,Catalysis for Sustainable Energy,Project,20,24/03/16,8
5254CFSE6Y/ZS/P4/01,5254CFSE6Y,Catalysis for Sustainable Energy,Zelfstudie,20,07/03/16,8
5254CFSE6Y/ZS/P4/02,5254CFSE6Y,Catalysis for Sustainable Energy,Zelfstudie,20,10/03/16,8
5254CFSE6Y/ZS/P4/03,5254CFSE6Y,Catalysis for Sustainable Energy,Zelfstudie,20,14/03/16,8
5254CFSE6Y/ZS/P4/04,5254CFSE6Y,Catalysis for Sustainable Energy,Zelfstudie,20,17/03/16,8
5254COOC6Y/H/P2/01,5254COOC6Y,Coordination and Organometallic Chemistry,Hoorcollege,30,29/10/15,5/11/15,12/11/15,19/11/15,26/11/15,3/12/15,8
5254COOC6Y/H/P2/02,5254COOC6Y,Coordination and Organometallic Chemistry,Hoorcollege,30,26/10/15,2/11/15,9/11/15,16/11/15,23/11/15,30/11/15,7/12/15,8
5254COOC6Y/H/P2/02,5254COOC6Y,Coordination and Organometallic Chemistry,Hoorcollege,22,11/12/15,8
5254COOC6Y/HerT/P4/01,5254COOC6Y,Coordination and Organometallic Chemistry,Hertentamen,9,11/02/16,13
5254COOC6Y/Tent/P2/01,5254COOC6Y,Coordination and Organometallic Chemistry,Tentamen,42,14/12/15,13
5254ENCH6Y/CP/P1/01,5254ENCH6Y,Environmental Chemistry,Computer practicum,30,24/09/15,16
5254ENCH6Y/H/P1/01,5254ENCH6Y,Environmental Chemistry,Hoorcollege,30,31/08/15,8
5254ENCH6Y/H/P1/01,5254ENCH6Y,Environmental Chemistry,Hoorcollege,30,07/09/15,8
5254ENCH6Y/H/P1/01,5254ENCH6Y,Environmental Chemistry,Hoorcollege,30,14/09/15,8
5254ENCH6Y/H/P1/01,5254ENCH6Y,Environmental Chemistry,Hoorcollege,30,21/09/15,8
5254ENCH6Y/H/P1/01,5254ENCH6Y,Environmental Chemistry,Hoorcollege,30,28/09/15,8
5254ENCH6Y/H/P1/01,5254ENCH6Y,Environmental Chemistry,Hoorcollege,30,12/10/15,8
5254ENCH6Y/HerT/P2/01,5254ENCH6Y,Environmental Chemistry,Hertentamen,5,30/11/15,13
5254ENCH6Y/Tent/P1/01,5254ENCH6Y,Environmental Chemistry,Tentamen,30,22/10/15,13
5254ENCH6Y/Vrag/P1/01,5254ENCH6Y,Environmental Chemistry,Vragenuur,30,19/10/15,8
5254ENCH6Y/WC/P1/01,5254ENCH6Y,Environmental Chemistry,Werkcollege,30,03/09/15,8
5254ENCH6Y/WC/P1/01,5254ENCH6Y,Environmental Chemistry,Werkcollege,30,10/09/15,8
5254ENCH6Y/WC/P1/01,5254ENCH6Y,Environmental Chemistry,Werkcollege,30,17/09/15,8
5254ENCH6Y/WC/P1/01,5254ENCH6Y,Environmental Chemistry,Werkcollege,30,05/10/15,8
5254ENCH6Y/WC/P1/01,5254ENCH6Y,Environmental Chemistry,Werkcollege,30,01/10/15,8
5254ENCH6Y/WC/P1/01,5254ENCH6Y,Environmental Chemistry,Werkcollege,30,08/10/15,8
5254ENCH6Y/WC/P1/01,5254ENCH6Y,Environmental Chemistry,Werkcollege,30,15/10/15,8
5254HECA6Y/H/P3/01,5254HECA6Y,Heterogeneous Catalysis,Hoorcollege,30,4/1/16,11/1/16,18/1/16,25/1/16,8
5254HECA6Y/H/P3/02,5254HECA6Y,Heterogeneous Catalysis,Hoorcollege,30,5/1/16,12/1/16,19/1/16,26/1/16,8
5254HECA6Y/H/P3/03,5254HECA6Y,Heterogeneous Catalysis,Hoorcollege,30,,8
5254HECA6Y/H/P3/03,5254HECA6Y,Heterogeneous Catalysis,Hoorcollege,30,06/01/16,8
5254HECA6Y/H/P3/03,5254HECA6Y,Heterogeneous Catalysis,Hoorcollege,30,13/01/16,8
5254HECA6Y/H/P3/03,5254HECA6Y,Heterogeneous Catalysis,Hoorcollege,30,20/01/16,8
5254HECA6Y/H/P3/03,5254HECA6Y,Heterogeneous Catalysis,Hoorcollege,30,27/01/16,8
5254HECA6Y/H/P3/04,5254HECA6Y,Heterogeneous Catalysis,Hoorcollege,30,,8
5254HECA6Y/H/P3/04,5254HECA6Y,Heterogeneous Catalysis,Hoorcollege,30,08/01/16,12
5254HECA6Y/H/P3/04,5254HECA6Y,Heterogeneous Catalysis,Hoorcollege,30,15/01/16,8
5254HECA6Y/H/P3/04,5254HECA6Y,Heterogeneous Catalysis,Hoorcollege,30,22/01/16,8
5254HECA6Y/HerT/P5/01,5254HECA6Y,Heterogeneous Catalysis,Hertentamen,6,04/04/16,9
5254HECA6Y/Pres/P3/01,5254HECA6Y,Heterogeneous Catalysis,Presentatie,30,27/01/16,16
5254HECA6Y/Tent/P3/01,5254HECA6Y,Heterogeneous Catalysis,Tentamen,30,28/01/16,9
5254HECA6Y/Vrag/P3/01,5254HECA6Y,Heterogeneous Catalysis,Vragenuur,30,26/01/16,4
5254HECA6Y/ZS/P3/01,5254HECA6Y,Heterogeneous Catalysis,Zelfstudie,30,4/1/16,11/1/16,18/1/16,25/1/16,8
5254HECA6Y/ZS/P3/02,5254HECA6Y,Heterogeneous Catalysis,Zelfstudie,30,05/01/16,8
5254HECA6Y/ZS/P3/02,5254HECA6Y,Heterogeneous Catalysis,Zelfstudie,30,12/01/16,8
5254HECA6Y/ZS/P3/02,5254HECA6Y,Heterogeneous Catalysis,Zelfstudie,30,19/01/16,8
5254HECA6Y/ZS/P3/03,5254HECA6Y,Heterogeneous Catalysis,Zelfstudie,30,6/1/16,13/1/16,20/1/16,8
5254HECA6Y/ZS/P3/04,5254HECA6Y,Heterogeneous Catalysis,Zelfstudie,30,,8
5254HECA6Y/ZS/P3/04,5254HECA6Y,Heterogeneous Catalysis,Zelfstudie,30,08/01/16,4
5254HECA6Y/ZS/P3/04,5254HECA6Y,Heterogeneous Catalysis,Zelfstudie,30,15/01/16,8
5254HECA6Y/ZS/P3/04,5254HECA6Y,Heterogeneous Catalysis,Zelfstudie,30,22/01/16,8
5254HECA6Y/ZS/P3/05,5254HECA6Y,Heterogeneous Catalysis,Zelfstudie,30,26/01/16,4
5254HOCA6Y/H/P5/01,5254HOCA6Y,Homogeneous Catalysis,Hoorcollege,50,04/04/16,8
5254HOCA6Y/H/P5/01,5254HOCA6Y,Homogeneous Catalysis,Hoorcollege,50,11/04/16,8
5254HOCA6Y/H/P5/01,5254HOCA6Y,Homogeneous Catalysis,Hoorcollege,50,18/04/16,8
5254HOCA6Y/H/P5/01,5254HOCA6Y,Homogeneous Catalysis,Hoorcollege,50,25/04/16,8
5254HOCA6Y/H/P5/01,5254HOCA6Y,Homogeneous Catalysis,Hoorcollege,50,02/05/16,8
5254HOCA6Y/H/P5/01,5254HOCA6Y,Homogeneous Catalysis,Hoorcollege,50,09/05/16,8
5254HOCA6Y/H/P5/01,5254HOCA6Y,Homogeneous Catalysis,Hoorcollege,50,23/05/16,8
5254HOCA6Y/H/P5/02,5254HOCA6Y,Homogeneous Catalysis,Hoorcollege,50,31/03/16,8
5254HOCA6Y/H/P5/02,5254HOCA6Y,Homogeneous Catalysis,Hoorcollege,50,07/04/16,8
5254HOCA6Y/H/P5/02,5254HOCA6Y,Homogeneous Catalysis,Hoorcollege,50,14/04/16,8
5254HOCA6Y/H/P5/02,5254HOCA6Y,Homogeneous Catalysis,Hoorcollege,50,21/04/16,8
5254HOCA6Y/H/P5/02,5254HOCA6Y,Homogeneous Catalysis,Hoorcollege,50,28/04/16,8
5254HOCA6Y/H/P5/02,5254HOCA6Y,Homogeneous Catalysis,Hoorcollege,50,12/05/16,8
5254HOCA6Y/H/P5/02,5254HOCA6Y,Homogeneous Catalysis,Hoorcollege,50,19/05/16,8
5254HOCA6Y/HerT/P7/01,5254HOCA6Y,Homogeneous Catalysis,Hertentamen,18,11/07/16,13
5254HOCA6Y/Tent/P5/01,5254HOCA6Y,Homogeneous Catalysis,Tentamen,50,26/05/16,12
"5264ECCS6Y/WC/P2/01,5264ECCS6Y,""Energy and Climate Change, Science, Policy and Economics"",Werkcollege,20,13/11/15,8"
"5264ECCS6Y/WC/P2/01,5264ECCS6Y,""Energy and Climate Change, Science, Policy and Economics"",Werkcollege,20,16/11/15,8"
"5264ECCS6Y/WC/P2/01,5264ECCS6Y,""Energy and Climate Change, Science, Policy and Economics"",Werkcollege,20,23/11/15,8"
"5264ECCS6Y/WC/P2/01,5264ECCS6Y,""Energy and Climate Change, Science, Policy and Economics"",Werkcollege,20,02/12/15,8"
"5264ECCS6Y/WC/P2/01,5264ECCS6Y,""Energy and Climate Change, Science, Policy and Economics"",Werkcollege,20,28/10/15,8"
"5264ECCS6Y/WC/P2/02,5264ECCS6Y,""Energy and Climate Change, Science, Policy and Economics"",Werkcollege,20,04/11/15,8"
"5264ECCS6Y/WC/P2/02,5264ECCS6Y,""Energy and Climate Change, Science, Policy and Economics"",Werkcollege,20,11/11/15,8"
"5264ECCS6Y/WC/P2/03,5264ECCS6Y,""Energy and Climate Change, Science, Policy and Economics"",Werkcollege,20,18/11/15,8"
"5264ECCS6Y/WC/P2/03,5264ECCS6Y,""Energy and Climate Change, Science, Policy and Economics"",Werkcollege,20,25/11/15,8"
5284STSI6Y/CP/P2/01,5284STSI6Y,Stochastic Simulation,Computer practicum,38,27/10/15,3/11/15,10/11/15,17/11/15,24/11/15,1/12/15,8/12/15,8
5284STSI6Y/CP/P2/02,5284STSI6Y,Stochastic Simulation,Computer practicum,36,04/11/15,8
5284STSI6Y/CP/P2/02,5284STSI6Y,Stochastic Simulation,Computer practicum,36,11/11/15,8
5284STSI6Y/CP/P2/02,5284STSI6Y,Stochastic Simulation,Computer practicum,36,18/11/15,8
5284STSI6Y/CP/P2/02,5284STSI6Y,Stochastic Simulation,Computer practicum,36,25/11/15,8
5284STSI6Y/CP/P2/02,5284STSI6Y,Stochastic Simulation,Computer practicum,36,02/12/15,8
5284STSI6Y/CP/P2/02,5284STSI6Y,Stochastic Simulation,Computer practicum,36,09/12/15,8
5284STSI6Y/CP/P2/02,5284STSI6Y,Stochastic Simulation,Computer practicum,36,28/10/15,8
5284STSI6Y/H/P2/01,5284STSI6Y,Stochastic Simulation,Hoorcollege,38,26/10/15,2/11/15,9/11/15,16/11/15,23/11/15,30/11/15,7/12/15,8
5284STSI6Y/H/P2/02,5284STSI6Y,Stochastic Simulation,Hoorcollege,30,06/11/15,8
5284STSI6Y/H/P2/02,5284STSI6Y,Stochastic Simulation,Hoorcollege,30,13/11/15,8
5284STSI6Y/H/P2/02,5284STSI6Y,Stochastic Simulation,Hoorcollege,30,19/11/15,8
5284STSI6Y/H/P2/02,5284STSI6Y,Stochastic Simulation,Hoorcollege,30,26/11/15,8
5284STSI6Y/H/P2/02,5284STSI6Y,Stochastic Simulation,Hoorcollege,30,03/12/15,8
5284STSI6Y/H/P2/02,5284STSI6Y,Stochastic Simulation,Hoorcollege,30,10/12/15,8
5284STSI6Y/H/P2/02,5284STSI6Y,Stochastic Simulation,Hoorcollege,30,29/10/15,8
5284STSI6Y/HerT/P5/01,5284STSI6Y,Stochastic Simulation,Hertentamen,5,03/05/16,13
5284STSI6Y/Tent/P2/01,5284STSI6Y,Stochastic Simulation,Tentamen,30,17/12/15,13
5324ITBQ3Y/H/P6/01,5324ITBQ3Y,Introduction to BV quantization,Hoorcollege,10,31/5/16,7/6/16,14/6/16,21/6/16,8
5324ITBQ3Y/H/P6/02,5324ITBQ3Y,Introduction to BV quantization,Hoorcollege,10,3/6/16,10/6/16,17/6/16,24/6/16,8
5324ITBQ3Y/WC/P6/01,5324ITBQ3Y,Introduction to BV quantization,Werkcollege,10,31/5/16,7/6/16,14/6/16,21/6/16,8
5324ITBQ3Y/WC/P6/02,5324ITBQ3Y,Introduction to BV quantization,Werkcollege,10,3/6/16,10/6/16,17/6/16,24/6/16,8
53541MMT6Y/H/P1/01,53541MMT6Y,Mathematical Methods in Theoretical Physics I,Hoorcollege,40,1/9/15,8/9/15,15/9/15,22/9/15,29/9/15,6/10/15,13/10/15,20/10/15,8
53541MMT6Y/H/P1/02,53541MMT6Y,Mathematical Methods in Theoretical Physics I,Hoorcollege,40,03/09/15,16
53541MMT6Y/H/P1/02,53541MMT6Y,Mathematical Methods in Theoretical Physics I,Hoorcollege,34,11/09/15,8
53541MMT6Y/H/P1/02,53541MMT6Y,Mathematical Methods in Theoretical Physics I,Hoorcollege,34,11/09/15,8
53541MMT6Y/H/P1/02,53541MMT6Y,Mathematical Methods in Theoretical Physics I,Hoorcollege,40,18/09/15,16
53541MMT6Y/H/P1/02,53541MMT6Y,Mathematical Methods in Theoretical Physics I,Hoorcollege,40,25/09/15,16
53541MMT6Y/H/P1/02,53541MMT6Y,Mathematical Methods in Theoretical Physics I,Hoorcollege,34,02/10/15,16
53541MMT6Y/H/P1/02,53541MMT6Y,Mathematical Methods in Theoretical Physics I,Hoorcollege,40,09/10/15,16
53541MMT6Y/H/P1/02,53541MMT6Y,Mathematical Methods in Theoretical Physics I,Hoorcollege,38,16/10/15,16
53541MMT6Y/HerT/P3/01,53541MMT6Y,Mathematical Methods in Theoretical Physics I,Hertentamen,10,04/01/16,17
53541MMT6Y/Tent/P1/01,53541MMT6Y,Mathematical Methods in Theoretical Physics I,Tentamen,43,20/10/15,17
53541MMT6Y/WC/P1/01,53541MMT6Y,Mathematical Methods in Theoretical Physics I,Werkcollege,40,1/9/15,8/9/15,15/9/15,22/9/15,29/9/15,6/10/15,13/10/15,8
53541PAP6Y/H/P1/01,53541PAP6Y,Particle Physics I,Hoorcollege,40,31/08/15,16
53541PAP6Y/H/P1/01,53541PAP6Y,Particle Physics I,Hoorcollege,40,07/09/15,16
53541PAP6Y/H/P1/01,53541PAP6Y,Particle Physics I,Hoorcollege,40,14/09/15,16
53541PAP6Y/H/P1/01,53541PAP6Y,Particle Physics I,Hoorcollege,40,21/09/15,16
53541PAP6Y/H/P1/01,53541PAP6Y,Particle Physics I,Hoorcollege,40,28/09/15,16
53541PAP6Y/H/P1/01,53541PAP6Y,Particle Physics I,Hoorcollege,40,05/10/15,16
53541PAP6Y/H/P1/01,53541PAP6Y,Particle Physics I,Hoorcollege,40,12/10/15,16
53541PAP6Y/H/P1/02,53541PAP6Y,Particle Physics I,Hoorcollege,40,02/09/15,16
53541PAP6Y/H/P1/02,53541PAP6Y,Particle Physics I,Hoorcollege,40,09/09/15,16
53541PAP6Y/H/P1/02,53541PAP6Y,Particle Physics I,Hoorcollege,40,16/09/15,16
53541PAP6Y/H/P1/02,53541PAP6Y,Particle Physics I,Hoorcollege,40,23/09/15,16
53541PAP6Y/H/P1/02,53541PAP6Y,Particle Physics I,Hoorcollege,40,30/09/15,16
53541PAP6Y/H/P1/02,53541PAP6Y,Particle Physics I,Hoorcollege,40,07/10/15,16
53541PAP6Y/H/P1/02,53541PAP6Y,Particle Physics I,Hoorcollege,40,14/10/15,16
53541PAP6Y/Tent/P1/01,53541PAP6Y,Particle Physics I,Tentamen,40,21/10/15,17
53541PHO6Y/Tent/P1/01,53541PHO6Y,Physics of Organs 1: Cardio-Pulmonary Physics,Tentamen,25,19/10/15,13
53541PHO6Y/WC/P1/01,53541PHO6Y,Physics of Organs 1: Cardio-Pulmonary Physics,Werkcollege,20,31/08/15,16
53541PHO6Y/WC/P1/01,53541PHO6Y,Physics of Organs 1: Cardio-Pulmonary Physics,Werkcollege,20,07/09/15,16
53541PHO6Y/WC/P1/01,53541PHO6Y,Physics of Organs 1: Cardio-Pulmonary Physics,Werkcollege,20,14/09/15,16
53541PHO6Y/WC/P1/01,53541PHO6Y,Physics of Organs 1: Cardio-Pulmonary Physics,Werkcollege,20,21/09/15,16
53541PHO6Y/WC/P1/01,53541PHO6Y,Physics of Organs 1: Cardio-Pulmonary Physics,Werkcollege,20,28/09/15,16
53541PHO6Y/WC/P1/01,53541PHO6Y,Physics of Organs 1: Cardio-Pulmonary Physics,Werkcollege,20,05/10/15,16
53541PHO6Y/WC/P1/01,53541PHO6Y,Physics of Organs 1: Cardio-Pulmonary Physics,Werkcollege,20,12/10/15,16
53541PHO6Y/WC/P1/02,53541PHO6Y,Physics of Organs 1: Cardio-Pulmonary Physics,Werkcollege,20,03/09/15,16
53541PHO6Y/WC/P1/02,53541PHO6Y,Physics of Organs 1: Cardio-Pulmonary Physics,Werkcollege,20,10/09/15,16
53541PHO6Y/WC/P1/02,53541PHO6Y,Physics of Organs 1: Cardio-Pulmonary Physics,Werkcollege,18,17/09/15,16
53541PHO6Y/WC/P1/02,53541PHO6Y,Physics of Organs 1: Cardio-Pulmonary Physics,Werkcollege,20,24/09/15,16
53541PHO6Y/WC/P1/02,53541PHO6Y,Physics of Organs 1: Cardio-Pulmonary Physics,Werkcollege,20,01/10/15,8
53541PHO6Y/WC/P1/02,53541PHO6Y,Physics of Organs 1: Cardio-Pulmonary Physics,Werkcollege,20,08/10/15,16
53541PHO6Y/WC/P1/02,53541PHO6Y,Physics of Organs 1: Cardio-Pulmonary Physics,Werkcollege,20,15/10/15,16
53541SHO0Y/H/P1/01,53541SHO0Y,Showcase 1,Hoorcollege,35,10/9/15,24/9/15,8/10/15,8
53541SPC6Y/H/P1/01,53541SPC6Y,Statistical Physics and Condensed Matter Theory I,Hoorcollege,70,1/9/15,8/9/15,15/9/15,22/9/15,29/9/15,6/10/15,13/10/15,16
53541SPC6Y/H/P1/02,53541SPC6Y,Statistical Physics and Condensed Matter Theory I,Hoorcollege,70,3/9/15,10/9/15,17/9/15,24/9/15,1/10/15,8/10/15,15/10/15,16
53541SPC6Y/HerT/P3/01,53541SPC6Y,Statistical Physics and Condensed Matter Theory I,Hertentamen,9,05/01/16,13
53541SPC6Y/Tent/P1/01,53541SPC6Y,Statistical Physics and Condensed Matter Theory I,Tentamen,62,22/10/15,12
53541SPC6Y/WC/P1/02,53541SPC6Y,Statistical Physics and Condensed Matter Theory I,Werkcollege,30,11/09/15,8
53541SPC6Y/WC/P1/02,53541SPC6Y,Statistical Physics and Condensed Matter Theory I,Werkcollege,30,,8
53541SPC6Y/WC/P1/02,53541SPC6Y,Statistical Physics and Condensed Matter Theory I,Werkcollege,30,25/09/15,8
53541SPC6Y/WC/P1/02,53541SPC6Y,Statistical Physics and Condensed Matter Theory I,Werkcollege,30,02/10/15,8
53541SPC6Y/WC/P1/02,53541SPC6Y,Statistical Physics and Condensed Matter Theory I,Werkcollege,30,09/10/15,8
53541SPC6Y/WC/P1/02,53541SPC6Y,Statistical Physics and Condensed Matter Theory I,Werkcollege,30,,8
53541SPC6Y/WC/P1/03,53541SPC6Y,Statistical Physics and Condensed Matter Theory I,Werkcollege,30,,8
53541SPC6Y/WC/P1/04,53541SPC6Y,Statistical Physics and Condensed Matter Theory I,Werkcollege,30,,8
53541SPC6Y/WC/P1/05,53541SPC6Y,Statistical Physics and Condensed Matter Theory I,Werkcollege,20,07/09/15,8
53541SPC6Y/WC/P1/06,53541SPC6Y,Statistical Physics and Condensed Matter Theory I,Werkcollege,20,21/09/15,8
53541SPC6Y/WC/P1/07,53541SPC6Y,Statistical Physics and Condensed Matter Theory I,Werkcollege,20,28/09/15,8
53541SPC6Y/WC/P1/08,53541SPC6Y,Statistical Physics and Condensed Matter Theory I,Werkcollege,20,05/10/15,8
53541SPC6Y/WC/P1/09,53541SPC6Y,Statistical Physics and Condensed Matter Theory I,Werkcollege,20,12/10/15,8
53542MMT6Y/H/P2/01,53542MMT6Y,Mathematical Methods in Theoretical Physics II,Hoorcollege,30,03/11/15,16
53542MMT6Y/H/P2/01,53542MMT6Y,Mathematical Methods in Theoretical Physics II,Hoorcollege,30,10/11/15,16
53542MMT6Y/H/P2/01,53542MMT6Y,Mathematical Methods in Theoretical Physics II,Hoorcollege,30,17/11/15,16
53542MMT6Y/H/P2/01,53542MMT6Y,Mathematical Methods in Theoretical Physics II,Hoorcollege,30,24/11/15,16
53542MMT6Y/H/P2/01,53542MMT6Y,Mathematical Methods in Theoretical Physics II,Hoorcollege,30,01/12/15,16
53542MMT6Y/H/P2/01,53542MMT6Y,Mathematical Methods in Theoretical Physics II,Hoorcollege,30,08/12/15,16
53542MMT6Y/H/P2/01,53542MMT6Y,Mathematical Methods in Theoretical Physics II,Hoorcollege,30,27/10/15,16
53542MMT6Y/H/P2/02,53542MMT6Y,Mathematical Methods in Theoretical Physics II,Hoorcollege,30,05/11/15,8
53542MMT6Y/H/P2/02,53542MMT6Y,Mathematical Methods in Theoretical Physics II,Hoorcollege,30,12/11/15,8
53542MMT6Y/H/P2/02,53542MMT6Y,Mathematical Methods in Theoretical Physics II,Hoorcollege,30,19/11/15,8
53542MMT6Y/H/P2/02,53542MMT6Y,Mathematical Methods in Theoretical Physics II,Hoorcollege,30,26/11/15,8
53542MMT6Y/H/P2/02,53542MMT6Y,Mathematical Methods in Theoretical Physics II,Hoorcollege,30,03/12/15,8
53542MMT6Y/H/P2/02,53542MMT6Y,Mathematical Methods in Theoretical Physics II,Hoorcollege,30,10/12/15,8
53542MMT6Y/H/P2/02,53542MMT6Y,Mathematical Methods in Theoretical Physics II,Hoorcollege,30,29/10/15,8
53542MMT6Y/HerT/P4/01,53542MMT6Y,Mathematical Methods in Theoretical Physics II,Hertentamen,9,15/02/16,17
53542MMT6Y/Tent/P2/01,53542MMT6Y,Mathematical Methods in Theoretical Physics II,Tentamen,30,18/12/15,17
53542MMT6Y/Vrag/P2/01,53542MMT6Y,Mathematical Methods in Theoretical Physics II,Vragenuur,30,14/12/15,8
53542MMT6Y/WC/P2/01,53542MMT6Y,Mathematical Methods in Theoretical Physics II,Werkcollege,30,29/10/15,5/11/15,12/11/15,19/11/15,26/11/15,3/12/15,10/12/15,8
53542PHO6Y/HerT/P2/01,53542PHO6Y,Physics of Organs 2: Sensory Organs and Bioelectricity,Hertentamen,8,,13
53542PHO6Y/Pres/P2/01,53542PHO6Y,Physics of Organs 2: Sensory Organs and Bioelectricity,Presentatie,28,04/12/15,16
53542PHO6Y/Tent/P2/01,53542PHO6Y,Physics of Organs 2: Sensory Organs and Bioelectricity,Tentamen,28,,13
53542PHO6Y/Tent/P2/01,53542PHO6Y,Physics of Organs 2: Sensory Organs and Bioelectricity,Tentamen,28,14/12/15,13
53542PHO6Y/Vrag/P2/01,53542PHO6Y,Physics of Organs 2: Sensory Organs and Bioelectricity,Vragenuur,28,10/12/15,16
53542PHO6Y/WC/P2/01,53542PHO6Y,Physics of Organs 2: Sensory Organs and Bioelectricity,Werkcollege,28,26/10/15,8
53542PHO6Y/WC/P2/02,53542PHO6Y,Physics of Organs 2: Sensory Organs and Bioelectricity,Werkcollege,28,27/10/15,8
53542PHO6Y/WC/P2/03,53542PHO6Y,Physics of Organs 2: Sensory Organs and Bioelectricity,Werkcollege,28,28/10/15,8
53542PHO6Y/WC/P2/04,53542PHO6Y,Physics of Organs 2: Sensory Organs and Bioelectricity,Werkcollege,28,29/10/15,8
53542PHO6Y/WC/P2/05,53542PHO6Y,Physics of Organs 2: Sensory Organs and Bioelectricity,Werkcollege,28,05/11/15,8
53542PHO6Y/WC/P2/06,53542PHO6Y,Physics of Organs 2: Sensory Organs and Bioelectricity,Werkcollege,28,06/11/15,8
53542PHO6Y/WC/P2/07,53542PHO6Y,Physics of Organs 2: Sensory Organs and Bioelectricity,Werkcollege,28,09/11/15,8
53542PHO6Y/WC/P2/08,53542PHO6Y,Physics of Organs 2: Sensory Organs and Bioelectricity,Werkcollege,28,10/11/15,8
53542PHO6Y/WC/P2/09,53542PHO6Y,Physics of Organs 2: Sensory Organs and Bioelectricity,Werkcollege,28,10/11/15,8
53542PHO6Y/WC/P2/10,53542PHO6Y,Physics of Organs 2: Sensory Organs and Bioelectricity,Werkcollege,28,11/11/15,8
53542PHO6Y/WC/P2/11,53542PHO6Y,Physics of Organs 2: Sensory Organs and Bioelectricity,Werkcollege,28,16/11/15,8
53542PHO6Y/WC/P2/12,53542PHO6Y,Physics of Organs 2: Sensory Organs and Bioelectricity,Werkcollege,28,17/11/15,8
53542PHO6Y/WC/P2/13,53542PHO6Y,Physics of Organs 2: Sensory Organs and Bioelectricity,Werkcollege,28,19/11/15,8
53542PHO6Y/WC/P2/14,53542PHO6Y,Physics of Organs 2: Sensory Organs and Bioelectricity,Werkcollege,28,20/11/15,8
53542PHO6Y/WC/P2/15,53542PHO6Y,Physics of Organs 2: Sensory Organs and Bioelectricity,Werkcollege,28,23/11/15,8
53542PHO6Y/WC/P2/16,53542PHO6Y,Physics of Organs 2: Sensory Organs and Bioelectricity,Werkcollege,28,24/11/15,8
53542PHO6Y/WC/P2/17,53542PHO6Y,Physics of Organs 2: Sensory Organs and Bioelectricity,Werkcollege,28,25/11/15,8
53542PHO6Y/WC/P2/18,53542PHO6Y,Physics of Organs 2: Sensory Organs and Bioelectricity,Werkcollege,28,01/12/15,8
53542PHO6Y/WC/P2/19,53542PHO6Y,Physics of Organs 2: Sensory Organs and Bioelectricity,Werkcollege,28,02/12/15,8
53542PHO6Y/WC/P2/20,53542PHO6Y,Physics of Organs 2: Sensory Organs and Bioelectricity,Werkcollege,28,01/12/15,6
53542PHO6Y/WC/P2/23,53542PHO6Y,Physics of Organs 2: Sensory Organs and Bioelectricity,Werkcollege,28,07/12/15,12
53542SPC6Y/H/P5/01,53542SPC6Y,Statistical Physics and Condensed Matter Theory II,Hoorcollege,30,29/03/16,16
53542SPC6Y/H/P5/01,53542SPC6Y,Statistical Physics and Condensed Matter Theory II,Hoorcollege,30,05/04/16,16
53542SPC6Y/H/P5/01,53542SPC6Y,Statistical Physics and Condensed Matter Theory II,Hoorcollege,30,12/04/16,16
53542SPC6Y/H/P5/01,53542SPC6Y,Statistical Physics and Condensed Matter Theory II,Hoorcollege,30,19/04/16,16
53542SPC6Y/H/P5/01,53542SPC6Y,Statistical Physics and Condensed Matter Theory II,Hoorcollege,30,26/04/16,16
53542SPC6Y/H/P5/01,53542SPC6Y,Statistical Physics and Condensed Matter Theory II,Hoorcollege,30,03/05/16,16
53542SPC6Y/H/P5/01,53542SPC6Y,Statistical Physics and Condensed Matter Theory II,Hoorcollege,30,10/05/16,16
53542SPC6Y/H/P5/01,53542SPC6Y,Statistical Physics and Condensed Matter Theory II,Hoorcollege,30,17/05/16,16
53542SPC6Y/Tent/P5/01,53542SPC6Y,Statistical Physics and Condensed Matter Theory II,Tentamen,30,27/05/16,13
53542SPC6Y/WC/P5/01,53542SPC6Y,Statistical Physics and Condensed Matter Theory II,Werkcollege,30,01/04/16,16
53542SPC6Y/WC/P5/01,53542SPC6Y,Statistical Physics and Condensed Matter Theory II,Werkcollege,30,08/04/16,16
53542SPC6Y/WC/P5/01,53542SPC6Y,Statistical Physics and Condensed Matter Theory II,Werkcollege,30,15/04/16,16
53542SPC6Y/WC/P5/01,53542SPC6Y,Statistical Physics and Condensed Matter Theory II,Werkcollege,30,22/04/16,16
53542SPC6Y/WC/P5/01,53542SPC6Y,Statistical Physics and Condensed Matter Theory II,Werkcollege,30,29/04/16,16
53542SPC6Y/WC/P5/01,53542SPC6Y,Statistical Physics and Condensed Matter Theory II,Werkcollege,30,13/05/16,16
53542SPC6Y/WC/P5/01,53542SPC6Y,Statistical Physics and Condensed Matter Theory II,Werkcollege,30,20/05/16,16
53542SPC6Y/WC/P5/02,53542SPC6Y,Statistical Physics and Condensed Matter Theory II,Werkcollege,30,24/05/16,16
53548CPV3Y/WC/P4/01,53548CPV3Y,Flavour Physics and CP Violation,Werkcollege,0,17/02/16,16
53548CPV3Y/WC/P4/01,53548CPV3Y,Flavour Physics and CP Violation,Werkcollege,0,03/02/16,16
53548CPV3Y/WC/P4/01,53548CPV3Y,Flavour Physics and CP Violation,Werkcollege,0,10/02/16,16
53548CPV3Y/WC/P4/02,53548CPV3Y,Flavour Physics and CP Violation,Werkcollege,0,19/02/16,16
53548CPV3Y/WC/P4/02,53548CPV3Y,Flavour Physics and CP Violation,Werkcollege,0,05/02/16,16
53548CPV3Y/WC/P4/02,53548CPV3Y,Flavour Physics and CP Violation,Werkcollege,0,12/02/16,16
5354A34M6Y/H/P5/01,5354A34M6Y,Advanced 3D and 4D Medical Imaging,Hoorcollege,0,4/4/16,11/4/16,18/4/16,25/4/16,2/5/16,9/5/16,12
5354A34M6Y/H/P5/02,5354A34M6Y,Advanced 3D and 4D Medical Imaging,Hoorcollege,0,31/3/16,7/4/16,14/4/16,21/4/16,28/4/16,12/5/16,19/5/16,12
5354ADCO3Y/H/P6/01,5354ADCO3Y,Advanced Cosmology,Hoorcollege,20,31/5/16,7/6/16,14/6/16,21/6/16,8
5354ADCO3Y/H/P6/02,5354ADCO3Y,Advanced Cosmology,Hoorcollege,20,2/6/16,9/6/16,16/6/16,8
5354ADCO3Y/HerT/P7/01,5354ADCO3Y,Advanced Cosmology,Hertentamen,3,18/07/16,13
5354ADCO3Y/Tent/P6/01,5354ADCO3Y,Advanced Cosmology,Tentamen,20,23/06/16,13
5354ADCO3Y/WC/P6/01,5354ADCO3Y,Advanced Cosmology,Werkcollege,20,31/5/16,7/6/16,14/6/16,21/6/16,8
5354ADCO3Y/WC/P6/02,5354ADCO3Y,Advanced Cosmology,Werkcollege,20,2/6/16,9/6/16,16/6/16,8
5354ADMR3Y/CP/P6/01,5354ADMR3Y,Advanced MRI,Computer practicum,15,2/6/16,9/6/16,16/6/16,23/6/16,8
5354ADMR3Y/CP/P6/02,5354ADMR3Y,Advanced MRI,Computer practicum,15,24/06/16,8
5354ADMR3Y/H/P6/01,5354ADMR3Y,Advanced MRI,Hoorcollege,15,30/5/16,6/6/16,13/6/16,20/6/16,8
5354ADMR3Y/H/P6/02,5354ADMR3Y,Advanced MRI,Hoorcollege,15,2/6/16,9/6/16,16/6/16,23/6/16,8
5354ADST3Y/H/P3/01,5354ADST3Y,Advanced Statistics,Hoorcollege,25,5/1/16,12/1/16,19/1/16,26/1/16,16
5354ADST3Y/H/P3/02,5354ADST3Y,Advanced Statistics,Hoorcollege,25,6/1/16,13/1/16,20/1/16,27/1/16,16
5354ANMI6Y/CP/P4/01,5354ANMI6Y,Advanced Numerical Methods in Many Body Physics,Computer practicum,20,1/2/16,15/2/16,22/2/16,29/2/16,7/3/16,14/3/16,8
5354ANMI6Y/CP/P4/01,5354ANMI6Y,Advanced Numerical Methods in Many Body Physics,Computer practicum,20,08/02/16,8
5354ANMI6Y/CP/P4/02,5354ANMI6Y,Advanced Numerical Methods in Many Body Physics,Computer practicum,20,4/2/16,11/2/16,18/2/16,25/2/16,3/3/16,10/3/16,17/3/16,8
5354ANMI6Y/H/P4/01,5354ANMI6Y,Advanced Numerical Methods in Many Body Physics,Hoorcollege,20,4/2/16,11/2/16,18/2/16,25/2/16,3/3/16,10/3/16,17/3/16,8
5354ANMI6Y/H/P4/02,5354ANMI6Y,Advanced Numerical Methods in Many Body Physics,Hoorcollege,20,1/2/16,8/2/16,15/2/16,22/2/16,29/2/16,7/3/16,14/3/16,8
5354ANMI6Y/Hert/P7/01,5354ANMI6Y,Advanced Numerical Methods in Many Body Physics,Hertentamen,3,04/07/16,17
5354ANMI6Y/Tent/P4/01,5354ANMI6Y,Advanced Numerical Methods in Many Body Physics,Tentamen,20,24/03/16,17
5354AQFT6Y/H/P4/01,5354AQFT6Y,Advanced Quantum Field Theory,Hoorcollege,50,1/2/16,8/2/16,15/2/16,22/2/16,29/2/16,7/3/16,14/3/16,8
5354AQFT6Y/H/P4/02,5354AQFT6Y,Advanced Quantum Field Theory,Hoorcollege,48,2/2/16,9/2/16,16/2/16,23/2/16,1/3/16,8/3/16,15/3/16,8
5354AQFT6Y/HerT/P7/01,5354AQFT6Y,Advanced Quantum Field Theory,Hertentamen,20,08/07/16,17
5354AQFT6Y/Tent/P4/01,5354AQFT6Y,Advanced Quantum Field Theory,Tentamen,50,21/03/16,16
5354AQFT6Y/WC/P4/01A,5354AQFT6Y,Advanced Quantum Field Theory,Werkcollege,25,1/2/16,8/2/16,15/2/16,22/2/16,29/2/16,7/3/16,14/3/16,8
5354AQFT6Y/WC/P4/01B,5354AQFT6Y,Advanced Quantum Field Theory,Werkcollege,25,1/2/16,8/2/16,15/2/16,22/2/16,29/2/16,7/3/16,14/3/16,8
5354AQFT6Y/WC/P4/02A,5354AQFT6Y,Advanced Quantum Field Theory,Werkcollege,25,2/2/16,9/2/16,16/2/16,23/2/16,1/3/16,8/3/16,15/3/16,8
5354AQFT6Y/WC/P4/02B,5354AQFT6Y,Advanced Quantum Field Theory,Werkcollege,25,2/2/16,9/2/16,16/2/16,23/2/16,1/3/16,8/3/16,15/3/16,8
"5354ASCT3Y/H/P6/01,5354ASCT3Y,""Academic Skills, Critical Thinking"",Hoorcollege,20,30/5/16,6/6/16,13/6/16,20/6/16,8"
"5354ASCT3Y/H/P6/02,5354ASCT3Y,""Academic Skills, Critical Thinking"",Hoorcollege,20,2/6/16,9/6/16,16/6/16,8"
"5354ASCT3Y/Pres/P6/01,5354ASCT3Y,""Academic Skills, Critical Thinking"",Presentatie,20,23/06/16,16"
"5354ASCT3Y/Pres/P6/02,5354ASCT3Y,""Academic Skills, Critical Thinking"",Presentatie,20,24/06/16,16"
"5354ASCT3Y/WC/P6/01,5354ASCT3Y,""Academic Skills, Critical Thinking"",Werkcollege,20,30/5/16,6/6/16,13/6/16,20/6/16,8"
"5354ASCT3Y/WC/P6/02,5354ASCT3Y,""Academic Skills, Critical Thinking"",Werkcollege,20,2/6/16,9/6/16,16/6/16,8"
5354ASPH6Y/H/P4/01,5354ASPH6Y,Astroparticle Physics,Hoorcollege,30,1/2/16,8/2/16,15/2/16,22/2/16,29/2/16,7/3/16,14/3/16,8
5354ASPH6Y/H/P4/02,5354ASPH6Y,Astroparticle Physics,Hoorcollege,30,4/2/16,11/2/16,18/2/16,25/2/16,3/3/16,10/3/16,17/3/16,8
5354ASPH6Y/HerT/P7/01,5354ASPH6Y,Astroparticle Physics,Hertentamen,5,05/07/16,13
5354ASPH6Y/Tent/P4/01,5354ASPH6Y,Astroparticle Physics,Tentamen,30,24/03/16,13
5354ASPH6Y/WC/P4/01,5354ASPH6Y,Astroparticle Physics,Werkcollege,30,1/2/16,8/2/16,15/2/16,22/2/16,29/2/16,7/3/16,14/3/16,8
5354ASPH6Y/WC/P4/02,5354ASPH6Y,Astroparticle Physics,Werkcollege,30,4/2/16,11/2/16,18/2/16,25/2/16,3/3/16,10/3/16,17/3/16,8
5354BESM3Y/H/P5/01,5354BESM3Y,Beyond the Standard Model,Hoorcollege,25,04/04/16,16
5354BESM3Y/H/P5/01,5354BESM3Y,Beyond the Standard Model,Hoorcollege,25,11/04/16,16
5354BESM3Y/H/P5/01,5354BESM3Y,Beyond the Standard Model,Hoorcollege,25,18/04/16,16
5354BESM3Y/H/P5/01,5354BESM3Y,Beyond the Standard Model,Hoorcollege,25,25/04/16,16
5354BESM3Y/H/P5/01,5354BESM3Y,Beyond the Standard Model,Hoorcollege,25,02/05/16,16
5354BESM3Y/H/P5/01,5354BESM3Y,Beyond the Standard Model,Hoorcollege,25,09/05/16,16
5354BIOP6Y/H/P5/01,5354BIOP6Y,Biomedical Optics,Hoorcollege,15,04/04/16,16
5354BIOP6Y/H/P5/01,5354BIOP6Y,Biomedical Optics,Hoorcollege,15,11/04/16,16
5354BIOP6Y/H/P5/01,5354BIOP6Y,Biomedical Optics,Hoorcollege,15,18/04/16,16
5354BIOP6Y/H/P5/01,5354BIOP6Y,Biomedical Optics,Hoorcollege,15,25/04/16,16
5354BIOP6Y/H/P5/01,5354BIOP6Y,Biomedical Optics,Hoorcollege,15,02/05/16,16
5354BIOP6Y/H/P5/01,5354BIOP6Y,Biomedical Optics,Hoorcollege,15,09/05/16,16
5354BIOP6Y/H/P5/01,5354BIOP6Y,Biomedical Optics,Hoorcollege,15,23/05/16,16
5354BIOP6Y/H/P5/02,5354BIOP6Y,Biomedical Optics,Hoorcollege,15,31/03/16,16
5354BIOP6Y/H/P5/02,5354BIOP6Y,Biomedical Optics,Hoorcollege,15,07/04/16,16
5354BIOP6Y/H/P5/02,5354BIOP6Y,Biomedical Optics,Hoorcollege,15,14/04/16,16
5354BIOP6Y/H/P5/02,5354BIOP6Y,Biomedical Optics,Hoorcollege,15,21/04/16,16
5354BIOP6Y/H/P5/02,5354BIOP6Y,Biomedical Optics,Hoorcollege,15,28/04/16,16
5354BIOP6Y/H/P5/02,5354BIOP6Y,Biomedical Optics,Hoorcollege,15,12/05/16,16
5354BIOP6Y/H/P5/02,5354BIOP6Y,Biomedical Optics,Hoorcollege,15,19/05/16,15
5354BIOP6Y/HerT/P7/01,5354BIOP6Y,Biomedical Optics,Hertentamen,3,14/07/16,17
5354BIOP6Y/Tent/P5/01,5354BIOP6Y,Biomedical Optics,Tentamen,15,26/05/16,17
5354BOEC6Y/H/P2/01,5354BOEC6Y,Bose Einstein Condensates,Hoorcollege,34,26/10/15,2/11/15,9/11/15,16/11/15,23/11/15,30/11/15,7/12/15,20
5354BOEC6Y/Tent/P2/01,5354BOEC6Y,Bose Einstein Condensates,Tentamen,34,14/12/15,33
5354BOEC6Y/WC/P2/01,5354BOEC6Y,Bose Einstein Condensates,Werkcollege,34,29/10/15,5/11/15,12/11/15,19/11/15,26/11/15,3/12/15,10/12/15,16
5354EMEM6Y/H/P1/01,5354EMEM6Y,Emergent Energy Materials,Hoorcollege,30,31/8/15,7/9/15,14/9/15,21/9/15,28/9/15,5/10/15,12/10/15,8
5354EMEM6Y/H/P1/02,5354EMEM6Y,Emergent Energy Materials,Hoorcollege,30,3/9/15,10/9/15,17/9/15,24/9/15,1/10/15,8/10/15,15/10/15,8
5354EMEM6Y/H/P1/03,5354EMEM6Y,Emergent Energy Materials,Hoorcollege,30,3/9/15,10/9/15,17/9/15,24/9/15,1/10/15,8/10/15,15/10/15,8
5354ENAC3Y.1/WC/P1/01A,5354ENAC3Y.1,English Academic Course,Werkcollege,20,28/9/15,5/10/15,12/10/15,8
5354ENAC3Y.1/WC/P1/01B,5354ENAC3Y.1,English Academic Course,Werkcollege,20,30/9/15,7/10/15,14/10/15,8
5354ENAC3Y.1/WC/P2/01A,5354ENAC3Y.1,English Academic Course,Werkcollege,20,02/11/15,8
5354ENAC3Y.1/WC/P2/01A,5354ENAC3Y.1,English Academic Course,Werkcollege,20,09/11/15,8
5354ENAC3Y.1/WC/P2/01A,5354ENAC3Y.1,English Academic Course,Werkcollege,20,16/11/15,8
5354ENAC3Y.1/WC/P2/01A,5354ENAC3Y.1,English Academic Course,Werkcollege,20,23/11/15,8
5354ENAC3Y.1/WC/P2/01A,5354ENAC3Y.1,English Academic Course,Werkcollege,20,30/11/15,8
5354ENAC3Y.1/WC/P2/01A,5354ENAC3Y.1,English Academic Course,Werkcollege,20,07/12/15,8
5354ENAC3Y.1/WC/P2/01A,5354ENAC3Y.1,English Academic Course,Werkcollege,20,26/10/15,8
5354ENAC3Y.1/WC/P2/01B,5354ENAC3Y.1,English Academic Course,Werkcollege,20,04/11/15,8
5354ENAC3Y.1/WC/P2/01B,5354ENAC3Y.1,English Academic Course,Werkcollege,20,11/11/15,8
5354ENAC3Y.1/WC/P2/01B,5354ENAC3Y.1,English Academic Course,Werkcollege,20,18/11/15,8
5354ENAC3Y.1/WC/P2/01B,5354ENAC3Y.1,English Academic Course,Werkcollege,20,25/11/15,8
5354ENAC3Y.1/WC/P2/01B,5354ENAC3Y.1,English Academic Course,Werkcollege,20,02/12/15,8
5354ENAC3Y.1/WC/P2/01B,5354ENAC3Y.1,English Academic Course,Werkcollege,20,09/12/15,8
5354ENAC3Y.1/WC/P2/01B,5354ENAC3Y.1,English Academic Course,Werkcollege,20,28/10/15,8
5354ENAC3Y.2/WC/P5/01C,5354ENAC3Y.2,English Academic Course,Werkcollege,15,30/03/16,8
5354ENAC3Y.2/WC/P5/01C,5354ENAC3Y.2,English Academic Course,Werkcollege,15,06/04/16,8
5354ENAC3Y.2/WC/P5/01C,5354ENAC3Y.2,English Academic Course,Werkcollege,15,13/04/16,8
5354ENAC3Y.2/WC/P5/01C,5354ENAC3Y.2,English Academic Course,Werkcollege,15,20/04/16,8
5354ENAC3Y.2/WC/P5/01C,5354ENAC3Y.2,English Academic Course,Werkcollege,15,04/05/16,8
5354ENAC3Y.2/WC/P5/01C,5354ENAC3Y.2,English Academic Course,Werkcollege,15,11/05/16,8
5354ENAC3Y.2/WC/P5/01C,5354ENAC3Y.2,English Academic Course,Werkcollege,15,18/05/16,8
5354ENAC3Y.2/WC/P5/01D,5354ENAC3Y.2,English Academic Course,Werkcollege,15,31/03/16,8
5354ENAC3Y.2/WC/P5/01D,5354ENAC3Y.2,English Academic Course,Werkcollege,15,07/04/16,8
5354ENAC3Y.2/WC/P5/01D,5354ENAC3Y.2,English Academic Course,Werkcollege,15,14/04/16,8
5354ENAC3Y.2/WC/P5/01D,5354ENAC3Y.2,English Academic Course,Werkcollege,15,21/04/16,8
5354ENAC3Y.2/WC/P5/01D,5354ENAC3Y.2,English Academic Course,Werkcollege,15,28/04/16,8
5354ENAC3Y.2/WC/P5/01D,5354ENAC3Y.2,English Academic Course,Werkcollege,15,12/05/16,8
5354ENAC3Y.2/WC/P5/01D,5354ENAC3Y.2,English Academic Course,Werkcollege,15,19/05/16,8
5354ENAC3Y.2/WC/P5/01E,5354ENAC3Y.2,English Academic Course,Werkcollege,15,04/04/16,8
5354ENAC3Y.2/WC/P5/01E,5354ENAC3Y.2,English Academic Course,Werkcollege,15,11/04/16,8
5354ENAC3Y.2/WC/P5/01E,5354ENAC3Y.2,English Academic Course,Werkcollege,15,18/04/16,8
5354ENAC3Y.2/WC/P5/01E,5354ENAC3Y.2,English Academic Course,Werkcollege,15,25/04/16,8
5354ENAC3Y.2/WC/P5/01E,5354ENAC3Y.2,English Academic Course,Werkcollege,15,02/05/16,8
5354ENAC3Y.2/WC/P5/01E,5354ENAC3Y.2,English Academic Course,Werkcollege,15,09/05/16,8
5354ENAC3Y.2/WC/P5/01F,5354ENAC3Y.2,English Academic Course,Werkcollege,15,29/03/16,8
5354ENAC3Y.2/WC/P5/01F,5354ENAC3Y.2,English Academic Course,Werkcollege,15,05/04/16,8
5354ENAC3Y.2/WC/P5/01F,5354ENAC3Y.2,English Academic Course,Werkcollege,15,12/04/16,8
5354ENAC3Y.2/WC/P5/01F,5354ENAC3Y.2,English Academic Course,Werkcollege,15,19/04/16,8
5354ENAC3Y.2/WC/P5/01F,5354ENAC3Y.2,English Academic Course,Werkcollege,15,26/04/16,8
5354ENAC3Y.2/WC/P5/01F,5354ENAC3Y.2,English Academic Course,Werkcollege,15,03/05/16,8
5354ENAC3Y.2/WC/P5/01F,5354ENAC3Y.2,English Academic Course,Werkcollege,15,10/05/16,8
5354ENAC3Y.2/WC/P5/01F,5354ENAC3Y.2,English Academic Course,Werkcollege,15,17/05/16,8
5354ENAC3Y.2/WC/P6/01C,5354ENAC3Y.2,English Academic Course,Werkcollege,15,1/6/16,8/6/16,15/6/16,8
5354ENAC3Y.2/WC/P6/01D,5354ENAC3Y.2,English Academic Course,Werkcollege,15,02/06/16,8
5354ENAC3Y.2/WC/P6/01D,5354ENAC3Y.2,English Academic Course,Werkcollege,15,09/06/16,8
5354ENAC3Y.2/WC/P6/01D,5354ENAC3Y.2,English Academic Course,Werkcollege,15,16/06/16,8
5354ENAC3Y.2/WC/P6/01E,5354ENAC3Y.2,English Academic Course,Werkcollege,15,30/5/16,6/6/16,13/6/16,20/6/16,8
5354ENAC3Y.2/WC/P6/01F,5354ENAC3Y.2,English Academic Course,Werkcollege,15,31/5/16,7/6/16,8
5354FEQG6Y/H/P5/01,5354FEQG6Y,Fermi Quantum Gases,Hoorcollege,15,04/04/16,16
5354FEQG6Y/H/P5/01,5354FEQG6Y,Fermi Quantum Gases,Hoorcollege,15,11/04/16,16
5354FEQG6Y/H/P5/01,5354FEQG6Y,Fermi Quantum Gases,Hoorcollege,15,18/04/16,16
5354FEQG6Y/H/P5/01,5354FEQG6Y,Fermi Quantum Gases,Hoorcollege,15,25/04/16,16
5354FEQG6Y/H/P5/01,5354FEQG6Y,Fermi Quantum Gases,Hoorcollege,15,02/05/16,16
5354FEQG6Y/H/P5/01,5354FEQG6Y,Fermi Quantum Gases,Hoorcollege,15,09/05/16,16
5354FEQG6Y/H/P5/02,5354FEQG6Y,Fermi Quantum Gases,Hoorcollege,15,31/03/16,8
5354FEQG6Y/H/P5/02,5354FEQG6Y,Fermi Quantum Gases,Hoorcollege,15,07/04/16,8
5354FEQG6Y/H/P5/02,5354FEQG6Y,Fermi Quantum Gases,Hoorcollege,15,14/04/16,8
5354FEQG6Y/H/P5/02,5354FEQG6Y,Fermi Quantum Gases,Hoorcollege,15,21/04/16,8
5354FEQG6Y/H/P5/02,5354FEQG6Y,Fermi Quantum Gases,Hoorcollege,15,28/04/16,8
5354FEQG6Y/H/P5/02,5354FEQG6Y,Fermi Quantum Gases,Hoorcollege,15,12/05/16,8
5354FEQG6Y/H/P5/02,5354FEQG6Y,Fermi Quantum Gases,Hoorcollege,15,19/05/16,8
5354FEQG6Y/Tent/P5/01,5354FEQG6Y,Fermi Quantum Gases,Tentamen,15,23/05/16,33
5354FEQG6Y/WC/P5/01,5354FEQG6Y,Fermi Quantum Gases,Werkcollege,15,31/03/16,8
5354FEQG6Y/WC/P5/01,5354FEQG6Y,Fermi Quantum Gases,Werkcollege,15,07/04/16,8
5354FEQG6Y/WC/P5/01,5354FEQG6Y,Fermi Quantum Gases,Werkcollege,15,14/04/16,8
5354FEQG6Y/WC/P5/01,5354FEQG6Y,Fermi Quantum Gases,Werkcollege,15,21/04/16,8
5354FEQG6Y/WC/P5/01,5354FEQG6Y,Fermi Quantum Gases,Werkcollege,15,28/04/16,8
5354FEQG6Y/WC/P5/01,5354FEQG6Y,Fermi Quantum Gases,Werkcollege,15,12/05/16,8
5354FEQG6Y/WC/P5/01,5354FEQG6Y,Fermi Quantum Gases,Werkcollege,15,19/05/16,8
5354GERE6Y/H/P4/01,5354GERE6Y,General Relativity,Hoorcollege,77,2/2/16,9/2/16,16/2/16,23/2/16,1/3/16,8/3/16,15/3/16,8
5354GERE6Y/H/P4/02,5354GERE6Y,General Relativity,Hoorcollege,77,4/2/16,11/2/16,18/2/16,25/2/16,3/3/16,10/3/16,17/3/16,8
5354GERE6Y/HerT/P7/01,5354GERE6Y,General Relativity,Hertentamen,12,07/07/16,13
5354GERE6Y/Tent/P4/01,5354GERE6Y,General Relativity,Tentamen,77,22/03/16,12
5354GERE6Y/WC/P4/01A,5354GERE6Y,General Relativity,Werkcollege,38,2/2/16,9/2/16,16/2/16,23/2/16,1/3/16,8/3/16,15/3/16,8
5354GERE6Y/WC/P4/01B,5354GERE6Y,General Relativity,Werkcollege,38,2/2/16,9/2/16,16/2/16,23/2/16,1/3/16,8/3/16,15/3/16,8
5354GERE6Y/WC/P4/02A,5354GERE6Y,General Relativity,Werkcollege,38,4/2/16,11/2/16,18/2/16,25/2/16,3/3/16,10/3/16,17/3/16,8
5354GERE6Y/WC/P4/02B,5354GERE6Y,General Relativity,Werkcollege,38,4/2/16,11/2/16,18/2/16,25/2/16,3/3/16,10/3/16,17/3/16,8
5354GETP3Y/Prac/P6/01,5354GETP3Y,From Genome to Physiome,Practicum,8,31/5/16,7/6/16,14/6/16,21/6/16,12
5354GETP3Y/Prac/P6/02,5354GETP3Y,From Genome to Physiome,Practicum,8,3/6/16,10/6/16,17/6/16,24/6/16,12
5354GETP3Y/WC/P6/01,5354GETP3Y,From Genome to Physiome,Werkcollege,8,31/5/16,7/6/16,14/6/16,21/6/16,4
5354GETP3Y/WC/P6/02,5354GETP3Y,From Genome to Physiome,Werkcollege,8,3/6/16,10/6/16,17/6/16,24/6/16,4
5354GRWA3Y/H/P5/01,5354GRWA3Y,Gravitational Waves,Hoorcollege,20,29/03/16,8
5354GRWA3Y/H/P5/01,5354GRWA3Y,Gravitational Waves,Hoorcollege,20,05/04/16,8
5354GRWA3Y/H/P5/01,5354GRWA3Y,Gravitational Waves,Hoorcollege,20,12/04/16,8
5354GRWA3Y/H/P5/01,5354GRWA3Y,Gravitational Waves,Hoorcollege,20,19/04/16,8
5354GRWA3Y/H/P5/01,5354GRWA3Y,Gravitational Waves,Hoorcollege,20,26/04/16,8
5354GRWA3Y/H/P5/01,5354GRWA3Y,Gravitational Waves,Hoorcollege,20,03/05/16,8
5354GRWA3Y/H/P5/01,5354GRWA3Y,Gravitational Waves,Hoorcollege,20,10/05/16,8
5354GRWA3Y/H/P5/02,5354GRWA3Y,Gravitational Waves,Hoorcollege,20,31/03/16,8
5354GRWA3Y/H/P5/02,5354GRWA3Y,Gravitational Waves,Hoorcollege,20,07/04/16,8
5354GRWA3Y/H/P5/02,5354GRWA3Y,Gravitational Waves,Hoorcollege,20,14/04/16,8
5354GRWA3Y/H/P5/02,5354GRWA3Y,Gravitational Waves,Hoorcollege,20,21/04/16,8
5354GRWA3Y/H/P5/02,5354GRWA3Y,Gravitational Waves,Hoorcollege,20,28/04/16,8
5354GRWA3Y/H/P5/02,5354GRWA3Y,Gravitational Waves,Hoorcollege,20,12/05/16,8
5354GRWA3Y/Tent/P5/01,5354GRWA3Y,Gravitational Waves,Tentamen,20,19/05/16,13
5354GRWA3Y/WC/P5/01,5354GRWA3Y,Gravitational Waves,Werkcollege,20,29/03/16,8
5354GRWA3Y/WC/P5/01,5354GRWA3Y,Gravitational Waves,Werkcollege,20,05/04/16,8
5354GRWA3Y/WC/P5/01,5354GRWA3Y,Gravitational Waves,Werkcollege,20,12/04/16,8
5354GRWA3Y/WC/P5/01,5354GRWA3Y,Gravitational Waves,Werkcollege,20,19/04/16,8
5354GRWA3Y/WC/P5/01,5354GRWA3Y,Gravitational Waves,Werkcollege,20,26/04/16,8
5354GRWA3Y/WC/P5/01,5354GRWA3Y,Gravitational Waves,Werkcollege,20,03/05/16,8
5354GRWA3Y/WC/P5/01,5354GRWA3Y,Gravitational Waves,Werkcollege,20,10/05/16,8
5354GRWA3Y/WC/P5/02,5354GRWA3Y,Gravitational Waves,Werkcollege,20,31/03/16,8
5354GRWA3Y/WC/P5/02,5354GRWA3Y,Gravitational Waves,Werkcollege,20,07/04/16,8
5354GRWA3Y/WC/P5/02,5354GRWA3Y,Gravitational Waves,Werkcollege,20,14/04/16,8
5354GRWA3Y/WC/P5/02,5354GRWA3Y,Gravitational Waves,Werkcollege,20,21/04/16,8
5354GRWA3Y/WC/P5/02,5354GRWA3Y,Gravitational Waves,Werkcollege,20,28/04/16,8
5354GRWA3Y/WC/P5/02,5354GRWA3Y,Gravitational Waves,Werkcollege,20,12/05/16,8
5354HYDR6Y/H/P4/01,5354HYDR6Y,Hydrodynamics,Hoorcollege,30,1/2/16,8/2/16,15/2/16,22/2/16,29/2/16,7/3/16,14/3/16,21/3/16,8
5354HYDR6Y/WC/P4/01,5354HYDR6Y,Hydrodynamics,Werkcollege,30,4/2/16,11/2/16,18/2/16,25/2/16,3/3/16,10/3/16,17/3/16,24/3/16,8
5354LITI6Y/H/P1/01,5354LITI6Y,Light-tissue Interaction,Hoorcollege,15,,16
5354LITI6Y/H/P1/01,5354LITI6Y,Light-tissue Interaction,Hoorcollege,15,31/08/15,16
5354LITI6Y/H/P1/01,5354LITI6Y,Light-tissue Interaction,Hoorcollege,15,07/09/15,16
5354LITI6Y/H/P1/01,5354LITI6Y,Light-tissue Interaction,Hoorcollege,15,14/09/15,16
5354LITI6Y/H/P1/01,5354LITI6Y,Light-tissue Interaction,Hoorcollege,15,21/09/15,16
5354LITI6Y/H/P1/01,5354LITI6Y,Light-tissue Interaction,Hoorcollege,15,28/09/15,16
5354LITI6Y/H/P1/01,5354LITI6Y,Light-tissue Interaction,Hoorcollege,15,05/10/15,16
5354LITI6Y/H/P1/01,5354LITI6Y,Light-tissue Interaction,Hoorcollege,15,12/10/15,16
5354LITI6Y/H/P1/01,5354LITI6Y,Light-tissue Interaction,Hoorcollege,15,19/10/15,16
5354LITI6Y/H/P1/02,5354LITI6Y,Light-tissue Interaction,Hoorcollege,15,3/9/15,10/9/15,17/9/15,24/9/15,1/10/15,8/10/15,15/10/15,16
5354LITI6Y/HerT/P3/01,5354LITI6Y,Light-tissue Interaction,Hertentamen,3,04/01/16,13
5354LITI6Y/Tent/P1/01,5354LITI6Y,Light-tissue Interaction,Tentamen,15,22/10/15,13
5354MAFP3Y/CP/P3/01,5354MAFP3Y,Mathematica for Physicists,Computer practicum,25,05/01/16,16
5354MAFP3Y/CP/P3/02,5354MAFP3Y,Mathematica for Physicists,Computer practicum,25,07/01/16,16
5354MAFP3Y/CP/P3/03,5354MAFP3Y,Mathematica for Physicists,Computer practicum,25,12/01/16,16
5354MAFP3Y/CP/P3/04,5354MAFP3Y,Mathematica for Physicists,Computer practicum,24,14/01/16,16
5354MAFP3Y/CP/P3/05,5354MAFP3Y,Mathematica for Physicists,Computer practicum,25,19/01/16,8
5354MAFP3Y/CP/P3/06,5354MAFP3Y,Mathematica for Physicists,Computer practicum,25,21/01/16,16
5354MAFP3Y/CP/P3/07,5354MAFP3Y,Mathematica for Physicists,Computer practicum,25,26/01/16,16
5354MAFP3Y/CP/P3/08,5354MAFP3Y,Mathematica for Physicists,Computer practicum,25,28/01/16,16
5354NALI6Y/H/P6/01,5354NALI6Y,The Science and Technology of Nanolithography,Hoorcollege,20,30/5/16,6/6/16,13/6/16,20/6/16,8
5354NALI6Y/H/P6/02,5354NALI6Y,The Science and Technology of Nanolithography,Hoorcollege,20,31/5/16,7/6/16,14/6/16,21/6/16,8
5354NALI6Y/H/P6/03,5354NALI6Y,The Science and Technology of Nanolithography,Hoorcollege,20,2/6/16,9/6/16,16/6/16,23/6/16,8
5354NALI6Y/HerT/P7/01,5354NALI6Y,The Science and Technology of Nanolithography,Hertentamen,3,19/07/16,13
5354NALI6Y/Tent/P6/01,5354NALI6Y,The Science and Technology of Nanolithography,Tentamen,20,23/06/16,13
5354NANO6Y/Tent/P5/01,5354NANO6Y,Nanophotonics,Tentamen,20,24/05/16,9
5354NANO6Y/WC/P5/01,5354NANO6Y,Nanophotonics,Werkcollege,20,29/03/16,16
5354NANO6Y/WC/P5/01,5354NANO6Y,Nanophotonics,Werkcollege,20,05/04/16,16
5354NANO6Y/WC/P5/01,5354NANO6Y,Nanophotonics,Werkcollege,20,12/04/16,16
5354NANO6Y/WC/P5/01,5354NANO6Y,Nanophotonics,Werkcollege,20,19/04/16,16
5354NANO6Y/WC/P5/01,5354NANO6Y,Nanophotonics,Werkcollege,20,26/04/16,16
5354NANO6Y/WC/P5/01,5354NANO6Y,Nanophotonics,Werkcollege,20,03/05/16,16
5354NANO6Y/WC/P5/01,5354NANO6Y,Nanophotonics,Werkcollege,20,10/05/16,16
5354NANO6Y/WC/P5/02,5354NANO6Y,Nanophotonics,Werkcollege,20,07/04/16,16
5354NANO6Y/WC/P5/02,5354NANO6Y,Nanophotonics,Werkcollege,20,14/04/16,16
5354NANO6Y/WC/P5/02,5354NANO6Y,Nanophotonics,Werkcollege,20,21/04/16,16
5354NANO6Y/WC/P5/02,5354NANO6Y,Nanophotonics,Werkcollege,20,28/04/16,16
5354NANO6Y/WC/P5/02,5354NANO6Y,Nanophotonics,Werkcollege,20,12/05/16,16
5354PACO6Y/H/P2/01,5354PACO6Y,Particle Cosmology,Hoorcollege,38,03/11/15,8
5354PACO6Y/H/P2/01,5354PACO6Y,Particle Cosmology,Hoorcollege,38,10/11/15,8
5354PACO6Y/H/P2/01,5354PACO6Y,Particle Cosmology,Hoorcollege,38,17/11/15,8
5354PACO6Y/H/P2/01,5354PACO6Y,Particle Cosmology,Hoorcollege,38,24/11/15,8
5354PACO6Y/H/P2/01,5354PACO6Y,Particle Cosmology,Hoorcollege,38,01/12/15,8
5354PACO6Y/H/P2/01,5354PACO6Y,Particle Cosmology,Hoorcollege,38,08/12/15,8
5354PACO6Y/H/P2/02,5354PACO6Y,Particle Cosmology,Hoorcollege,38,05/11/15,8
5354PACO6Y/H/P2/02,5354PACO6Y,Particle Cosmology,Hoorcollege,38,12/11/15,8
5354PACO6Y/H/P2/02,5354PACO6Y,Particle Cosmology,Hoorcollege,38,19/11/15,8
5354PACO6Y/H/P2/02,5354PACO6Y,Particle Cosmology,Hoorcollege,38,26/11/15,8
5354PACO6Y/H/P2/02,5354PACO6Y,Particle Cosmology,Hoorcollege,38,03/12/15,8
5354PACO6Y/H/P2/02,5354PACO6Y,Particle Cosmology,Hoorcollege,38,10/12/15,8
5354PACO6Y/H/P2/02,5354PACO6Y,Particle Cosmology,Hoorcollege,38,16/12/15,8
5354PACO6Y/H/P2/02,5354PACO6Y,Particle Cosmology,Hoorcollege,38,29/10/15,8
5354PACO6Y/H/P2/03,5354PACO6Y,Particle Cosmology,Hoorcollege,38,,4
5354PACO6Y/HerT/P4/01,5354PACO6Y,Particle Cosmology,Hertentamen,7,16/02/16,13
5354PACO6Y/Tent/P2/01,5354PACO6Y,Particle Cosmology,Tentamen,42,18/12/15,13
5354PACO6Y/WC/P2/01,5354PACO6Y,Particle Cosmology,Werkcollege,38,03/11/15,8
5354PACO6Y/WC/P2/01,5354PACO6Y,Particle Cosmology,Werkcollege,38,10/11/15,8
5354PACO6Y/WC/P2/01,5354PACO6Y,Particle Cosmology,Werkcollege,38,17/11/15,8
5354PACO6Y/WC/P2/01,5354PACO6Y,Particle Cosmology,Werkcollege,38,24/11/15,8
5354PACO6Y/WC/P2/01,5354PACO6Y,Particle Cosmology,Werkcollege,38,01/12/15,8
5354PACO6Y/WC/P2/01,5354PACO6Y,Particle Cosmology,Werkcollege,38,08/12/15,8
5354PACO6Y/WC/P2/02,5354PACO6Y,Particle Cosmology,Werkcollege,38,06/11/15,8
5354PACO6Y/WC/P2/02,5354PACO6Y,Particle Cosmology,Werkcollege,38,13/11/15,8
5354PACO6Y/WC/P2/02,5354PACO6Y,Particle Cosmology,Werkcollege,38,20/11/15,8
5354PACO6Y/WC/P2/02,5354PACO6Y,Particle Cosmology,Werkcollege,38,27/11/15,8
5354PACO6Y/WC/P2/02,5354PACO6Y,Particle Cosmology,Werkcollege,38,04/12/15,8
5354PACO6Y/WC/P2/02,5354PACO6Y,Particle Cosmology,Werkcollege,38,11/12/15,8
5354PACO6Y/WC/P2/02,5354PACO6Y,Particle Cosmology,Werkcollege,38,16/12/15,8
5354PACO6Y/WC/P2/02,5354PACO6Y,Particle Cosmology,Werkcollege,38,30/10/15,8
5354PADE6Y/H/P2/01,5354PADE6Y,Particle Detection,Hoorcollege,20,02/11/15,16
5354PADE6Y/H/P2/01,5354PADE6Y,Particle Detection,Hoorcollege,20,09/11/15,16
5354PADE6Y/H/P2/01,5354PADE6Y,Particle Detection,Hoorcollege,20,16/11/15,16
5354PADE6Y/H/P2/01,5354PADE6Y,Particle Detection,Hoorcollege,20,23/11/15,16
5354PADE6Y/H/P2/01,5354PADE6Y,Particle Detection,Hoorcollege,20,30/11/15,16
5354PADE6Y/H/P2/01,5354PADE6Y,Particle Detection,Hoorcollege,20,07/12/15,16
5354PADE6Y/H/P2/01,5354PADE6Y,Particle Detection,Hoorcollege,20,26/10/15,16
5354PADE6Y/H/P2/02,5354PADE6Y,Particle Detection,Hoorcollege,20,29/10/15,5/11/15,12/11/15,19/11/15,26/11/15,3/12/15,10/12/15,16
5354PAFI6Y/H/P4/01,5354PAFI6Y,Particles and Fields,Hoorcollege,56,3/2/16,10/2/16,17/2/16,24/2/16,2/3/16,9/3/16,16/3/16,12
5354PAFI6Y/H/P5/01,5354PAFI6Y,Particles and Fields,Hoorcollege,56,30/3/16,6/4/16,13/4/16,20/4/16,4/5/16,11/5/16,12
5354PAFI6Y/WC/P4/01,5354PAFI6Y,Particles and Fields,Werkcollege,26,3/2/16,10/2/16,17/2/16,24/2/16,2/3/16,9/3/16,16/3/16,16
5354PAFI6Y/WC/P5/01,5354PAFI6Y,Particles and Fields,Werkcollege,26,31/03/16,16
5354PAFI6Y/WC/P5/01,5354PAFI6Y,Particles and Fields,Werkcollege,26,07/04/16,16
5354PAFI6Y/WC/P5/01,5354PAFI6Y,Particles and Fields,Werkcollege,26,14/04/16,16
5354PAFI6Y/WC/P5/01,5354PAFI6Y,Particles and Fields,Werkcollege,26,21/04/16,16
5354PAFI6Y/WC/P5/01,5354PAFI6Y,Particles and Fields,Werkcollege,26,28/04/16,16
5354PAFI6Y/WC/P5/01,5354PAFI6Y,Particles and Fields,Werkcollege,26,12/05/16,16
5354PAFI6Y/WC/P5/01,5354PAFI6Y,Particles and Fields,Werkcollege,26,20/05/16,16
5354PHAC6Y/H/P5/01,5354PHAC6Y,Physics of Art Conservation,Hoorcollege,10,30/03/16,8
5354PHAC6Y/H/P5/01,5354PHAC6Y,Physics of Art Conservation,Hoorcollege,10,06/04/16,8
5354PHAC6Y/H/P5/01,5354PHAC6Y,Physics of Art Conservation,Hoorcollege,10,13/04/16,8
5354PHAC6Y/H/P5/01,5354PHAC6Y,Physics of Art Conservation,Hoorcollege,10,20/04/16,8
5354PHAC6Y/H/P5/01,5354PHAC6Y,Physics of Art Conservation,Hoorcollege,10,04/05/16,8
5354PHAC6Y/H/P5/01,5354PHAC6Y,Physics of Art Conservation,Hoorcollege,10,11/05/16,8
5354PHAC6Y/H/P5/02,5354PHAC6Y,Physics of Art Conservation,Hoorcollege,10,29/03/16,8
5354PHAC6Y/H/P5/02,5354PHAC6Y,Physics of Art Conservation,Hoorcollege,10,05/04/16,8
5354PHAC6Y/H/P5/02,5354PHAC6Y,Physics of Art Conservation,Hoorcollege,10,12/04/16,8
5354PHAC6Y/H/P5/02,5354PHAC6Y,Physics of Art Conservation,Hoorcollege,10,19/04/16,8
5354PHAC6Y/H/P5/02,5354PHAC6Y,Physics of Art Conservation,Hoorcollege,10,26/04/16,8
5354PHAC6Y/H/P5/02,5354PHAC6Y,Physics of Art Conservation,Hoorcollege,10,03/05/16,8
5354PHAC6Y/H/P5/02,5354PHAC6Y,Physics of Art Conservation,Hoorcollege,10,10/05/16,8
5354PHAC6Y/HerT/P7/01,5354PHAC6Y,Physics of Art Conservation,Hertentamen,2,15/07/16,9
5354PHAC6Y/Tent/P5/01,5354PHAC6Y,Physics of Art Conservation,Tentamen,10,20/05/16,9
5354PHAC6Y/WC/P5/01,5354PHAC6Y,Physics of Art Conservation,Werkcollege,10,30/03/16,8
5354PHAC6Y/WC/P5/01,5354PHAC6Y,Physics of Art Conservation,Werkcollege,10,06/04/16,8
5354PHAC6Y/WC/P5/01,5354PHAC6Y,Physics of Art Conservation,Werkcollege,10,13/04/16,8
5354PHAC6Y/WC/P5/01,5354PHAC6Y,Physics of Art Conservation,Werkcollege,10,20/04/16,8
5354PHAC6Y/WC/P5/01,5354PHAC6Y,Physics of Art Conservation,Werkcollege,10,04/05/16,8
5354PHAC6Y/WC/P5/01,5354PHAC6Y,Physics of Art Conservation,Werkcollege,10,11/05/16,8
5354PHSC6Y/H/P1/01,5354PHSC6Y,Philosophy of Science,Hoorcollege,48,31/08/15,16
5354PHSC6Y/H/P1/01,5354PHSC6Y,Philosophy of Science,Hoorcollege,48,07/09/15,16
5354PHSC6Y/H/P1/01,5354PHSC6Y,Philosophy of Science,Hoorcollege,48,14/09/15,16
5354PHSC6Y/H/P1/01,5354PHSC6Y,Philosophy of Science,Hoorcollege,48,21/09/15,16
5354PHSC6Y/H/P1/01,5354PHSC6Y,Philosophy of Science,Hoorcollege,48,28/09/15,16
5354PHSC6Y/H/P1/01,5354PHSC6Y,Philosophy of Science,Hoorcollege,48,05/10/15,16
5354PHSC6Y/H/P1/01,5354PHSC6Y,Philosophy of Science,Hoorcollege,48,12/10/15,16
5354PHSC6Y/HerT/P3/01,5354PHSC6Y,Philosophy of Science,Hertentamen,8,07/01/16,13
5354PHSC6Y/WC/P1/01,5354PHSC6Y,Philosophy of Science,Werkcollege,20,3/9/15,10/9/15,17/9/15,24/9/15,1/10/15,8/10/15,15/10/15,16
5354PHVO6Y/H/P4/01,5354PHVO6Y,Photovoltaics,Hoorcollege,34,1/2/16,8/2/16,15/2/16,22/2/16,29/2/16,7/3/16,14/3/16,16
5354PHVO6Y/H/P4/02,5354PHVO6Y,Photovoltaics,Hoorcollege,34,4/2/16,11/2/16,18/2/16,25/2/16,3/3/16,10/3/16,17/3/16,16
5354PROG3Y/CP/P3/01,5354PROG3Y,Programming C++,Computer practicum,24,18/01/16,32
5354PROG3Y/CP/P3/02,5354PROG3Y,Programming C++,Computer practicum,24,22/01/16,32
5354PROG3Y/CP/P3/03,5354PROG3Y,Programming C++,Computer practicum,24,25/01/16,32
5354PROG3Y/CP/P3/04,5354PROG3Y,Programming C++,Computer practicum,24,28/01/16,32
5354PROG3Y/CP/P3/05,5354PROG3Y,Programming C++,Computer practicum,24,29/01/16,32
5354QFTE3Y/H/P3/01,5354QFTE3Y,Quantum Field Theory, extension,Hoorcollege,30,6/1/16,13/1/16,20/1/16,27/1/16,8
5354QFTE3Y/H/P3/02,5354QFTE3Y,Quantum Field Theory, extension,Hoorcollege,30,7/1/16,14/1/16,21/1/16,28/1/16,8
5354QFTE3Y/WC/P3/01,5354QFTE3Y,Quantum Field Theory, extension,Werkcollege,30,7/1/16,14/1/16,21/1/16,28/1/16,8
5354QUFT6Y/H/P2/01,5354QUFT6Y,Quantum Field Theory,Hoorcollege,72,28/10/15,4/11/15,11/11/15,18/11/15,25/11/15,2/12/15,9/12/15,8
5354QUFT6Y/H/P2/02,5354QUFT6Y,Quantum Field Theory,Hoorcollege,72,30/10/15,6/11/15,13/11/15,20/11/15,27/11/15,4/12/15,11/12/15,8
5354QUFT6Y/HerT/P4/01,5354QUFT6Y,Quantum Field Theory,Hertentamen,12,23/02/16,13
5354QUFT6Y/Tent/P2/01,5354QUFT6Y,Quantum Field Theory,Tentamen,75,15/12/15,12
5354QUFT6Y/WC/P2/01A,5354QUFT6Y,Quantum Field Theory,Werkcollege,38,29/10/15,5/11/15,12/11/15,19/11/15,26/11/15,3/12/15,10/12/15,8
5354QUFT6Y/WC/P2/01B,5354QUFT6Y,Quantum Field Theory,Werkcollege,38,28/10/15,4/11/15,11/11/15,18/11/15,25/11/15,2/12/15,9/12/15,8
5354QUFT6Y/WC/P2/02A,5354QUFT6Y,Quantum Field Theory,Werkcollege,38,30/10/15,6/11/15,13/11/15,20/11/15,27/11/15,4/12/15,11/12/15,8
5354QUFT6Y/WC/P2/02B,5354QUFT6Y,Quantum Field Theory,Werkcollege,38,30/10/15,6/11/15,13/11/15,20/11/15,27/11/15,4/12/15,11/12/15,8
5354QUOP6Y/HerT/P4/01,5354QUOP6Y,Quantum Optics,Hertentamen,5,16/02/16,13
5354QUOP6Y/Tent/P2/01,5354QUOP6Y,Quantum Optics,Tentamen,25,15/12/15,13
5354QUOP6Y/WC/P2/01,5354QUOP6Y,Quantum Optics,Werkcollege,20,03/11/15,16
5354QUOP6Y/WC/P2/01,5354QUOP6Y,Quantum Optics,Werkcollege,20,10/11/15,16
5354QUOP6Y/WC/P2/01,5354QUOP6Y,Quantum Optics,Werkcollege,20,17/11/15,16
5354QUOP6Y/WC/P2/01,5354QUOP6Y,Quantum Optics,Werkcollege,20,24/11/15,16
5354QUOP6Y/WC/P2/01,5354QUOP6Y,Quantum Optics,Werkcollege,20,01/12/15,16
5354QUOP6Y/WC/P2/01,5354QUOP6Y,Quantum Optics,Werkcollege,20,08/12/15,16
5354QUOP6Y/WC/P2/01,5354QUOP6Y,Quantum Optics,Werkcollege,20,27/10/15,16
5354QUOP6Y/WC/P2/02,5354QUOP6Y,Quantum Optics,Werkcollege,20,05/11/15,8
5354QUOP6Y/WC/P2/02,5354QUOP6Y,Quantum Optics,Werkcollege,20,12/11/15,8
5354QUOP6Y/WC/P2/02,5354QUOP6Y,Quantum Optics,Werkcollege,20,19/11/15,8
5354QUOP6Y/WC/P2/02,5354QUOP6Y,Quantum Optics,Werkcollege,20,26/11/15,8
5354QUOP6Y/WC/P2/02,5354QUOP6Y,Quantum Optics,Werkcollege,20,03/12/15,8
5354QUOP6Y/WC/P2/02,5354QUOP6Y,Quantum Optics,Werkcollege,20,10/12/15,8
5354QUOP6Y/WC/P2/02,5354QUOP6Y,Quantum Optics,Werkcollege,20,29/10/15,8
5354SSPH6Y/WC/P6/01,5354SSPH6Y,Student Seminar Theoretical Physics,Werkcollege,30,30/5/16,6/6/16,13/6/16,20/6/16,16
5354SSPH6Y/WC/P6/02,5354SSPH6Y,Student Seminar Theoretical Physics,Werkcollege,30,1/6/16,8/6/16,15/6/16,22/6/16,16
5354SSPH6Y/WC/P6/03,5354SSPH6Y,Student Seminar Theoretical Physics,Werkcollege,30,3/6/16,10/6/16,17/6/16,24/6/16,8
5354STDA6Y/H/P1/01,5354STDA6Y,Statistical Data Analysis,Hoorcollege,15,2/9/15,9/9/15,16/9/15,23/9/15,30/9/15,7/10/15,14/10/15,8
5354STDA6Y/H/P1/02,5354STDA6Y,Statistical Data Analysis,Hoorcollege,15,4/9/15,11/9/15,18/9/15,25/9/15,2/10/15,9/10/15,16/10/15,8
5354STDA6Y/HerT/P3/01,5354STDA6Y,Statistical Data Analysis,Hertentamen,3,05/01/16,13
5354STDA6Y/Tent/P1/01,5354STDA6Y,Statistical Data Analysis,Tentamen,17,22/10/15,13
5354STDA6Y/Tent/P1/01,5354STDA6Y,Statistical Data Analysis,Tentamen,17,22/10/15,2
5354STDA6Y/WC/P1/01,5354STDA6Y,Statistical Data Analysis,Werkcollege,15,2/9/15,9/9/15,16/9/15,23/9/15,30/9/15,7/10/15,14/10/15,8
5354STDA6Y/WC/P1/02,5354STDA6Y,Statistical Data Analysis,Werkcollege,15,4/9/15,11/9/15,18/9/15,25/9/15,2/10/15,9/10/15,16/10/15,8
5354STTE3Y/H/P6/01,5354STTE3Y,String Theory, extension,Hoorcollege,24,30/5/16,6/6/16,13/6/16,20/6/16,16
5354STTE3Y/H/P6/02,5354STTE3Y,String Theory, extension,Hoorcollege,24,2/6/16,9/6/16,16/6/16,23/6/16,16
5354STTH6Y/H/P5/01,5354STTH6Y,String Theory,Hoorcollege,30,04/04/16,8
5354STTH6Y/H/P5/01,5354STTH6Y,String Theory,Hoorcollege,30,11/04/16,8
5354STTH6Y/H/P5/01,5354STTH6Y,String Theory,Hoorcollege,30,18/04/16,8
5354STTH6Y/H/P5/01,5354STTH6Y,String Theory,Hoorcollege,30,25/04/16,8
5354STTH6Y/H/P5/01,5354STTH6Y,String Theory,Hoorcollege,30,02/05/16,8
5354STTH6Y/H/P5/01,5354STTH6Y,String Theory,Hoorcollege,30,09/05/16,8
5354STTH6Y/H/P5/02,5354STTH6Y,String Theory,Hoorcollege,30,01/04/16,8
5354STTH6Y/H/P5/02,5354STTH6Y,String Theory,Hoorcollege,30,08/04/16,8
5354STTH6Y/H/P5/02,5354STTH6Y,String Theory,Hoorcollege,30,15/04/16,8
5354STTH6Y/H/P5/02,5354STTH6Y,String Theory,Hoorcollege,30,22/04/16,8
5354STTH6Y/H/P5/02,5354STTH6Y,String Theory,Hoorcollege,30,29/04/16,8
5354STTH6Y/H/P5/02,5354STTH6Y,String Theory,Hoorcollege,30,13/05/16,8
5354STTH6Y/H/P5/02,5354STTH6Y,String Theory,Hoorcollege,30,20/05/16,8
5354STTH6Y/Tent/P5/01,5354STTH6Y,String Theory,Tentamen,30,26/05/16,13
5354STTH6Y/WC/P5/01,5354STTH6Y,String Theory,Werkcollege,30,30/03/16,8
5354STTH6Y/WC/P5/01,5354STTH6Y,String Theory,Werkcollege,30,06/04/16,8
5354STTH6Y/WC/P5/01,5354STTH6Y,String Theory,Werkcollege,30,13/04/16,8
5354STTH6Y/WC/P5/01,5354STTH6Y,String Theory,Werkcollege,30,20/04/16,8
5354STTH6Y/WC/P5/01,5354STTH6Y,String Theory,Werkcollege,30,04/05/16,8
5354STTH6Y/WC/P5/01,5354STTH6Y,String Theory,Werkcollege,30,11/05/16,8
5354STTH6Y/WC/P5/01,5354STTH6Y,String Theory,Werkcollege,30,18/05/16,8
5354STTH6Y/WC/P5/02,5354STTH6Y,String Theory,Werkcollege,30,01/04/16,8
5354STTH6Y/WC/P5/02,5354STTH6Y,String Theory,Werkcollege,30,08/04/16,8
5354STTH6Y/WC/P5/02,5354STTH6Y,String Theory,Werkcollege,30,15/04/16,8
5354STTH6Y/WC/P5/02,5354STTH6Y,String Theory,Werkcollege,30,22/04/16,8
5354STTH6Y/WC/P5/02,5354STTH6Y,String Theory,Werkcollege,30,29/04/16,8
5354STTH6Y/WC/P5/02,5354STTH6Y,String Theory,Werkcollege,30,13/05/16,8
5354STTH6Y/WC/P5/02,5354STTH6Y,String Theory,Werkcollege,30,20/05/16,8
5354SUIS6Y/H/P5/01,5354SUIS6Y,Surface and Interface Science,Hoorcollege,20,04/04/16,8
5354SUIS6Y/H/P5/01,5354SUIS6Y,Surface and Interface Science,Hoorcollege,20,11/04/16,8
5354SUIS6Y/H/P5/01,5354SUIS6Y,Surface and Interface Science,Hoorcollege,20,18/04/16,8
5354SUIS6Y/H/P5/01,5354SUIS6Y,Surface and Interface Science,Hoorcollege,20,25/04/16,8
5354SUIS6Y/H/P5/01,5354SUIS6Y,Surface and Interface Science,Hoorcollege,20,09/05/16,8
5354SUIS6Y/H/P5/02,5354SUIS6Y,Surface and Interface Science,Hoorcollege,20,29/03/16,8
5354SUIS6Y/H/P5/02,5354SUIS6Y,Surface and Interface Science,Hoorcollege,20,05/04/16,8
5354SUIS6Y/H/P5/02,5354SUIS6Y,Surface and Interface Science,Hoorcollege,20,12/04/16,8
5354SUIS6Y/H/P5/02,5354SUIS6Y,Surface and Interface Science,Hoorcollege,20,19/04/16,8
5354SUIS6Y/H/P5/02,5354SUIS6Y,Surface and Interface Science,Hoorcollege,20,26/04/16,8
5354SUIS6Y/H/P5/02,5354SUIS6Y,Surface and Interface Science,Hoorcollege,20,10/05/16,8
5354SUIS6Y/H/P5/02,5354SUIS6Y,Surface and Interface Science,Hoorcollege,20,17/05/16,8
5354SUIS6Y/HerT/P7/01,5354SUIS6Y,Surface and Interface Science,Hertentamen,3,12/07/16,13
5354SUPE6Y/H/P2/01,5354SUPE6Y,Superconductivity,Hoorcollege,16,26/10/15,2/11/15,9/11/15,16/11/15,23/11/15,30/11/15,7/12/15,16
5354SUPE6Y/H/P2/02,5354SUPE6Y,Superconductivity,Hoorcollege,16,29/10/15,5/11/15,12/11/15,19/11/15,26/11/15,3/12/15,10/12/15,16
5354SUPE6Y/Tent/P2/01,5354SUPE6Y,Superconductivity,Tentamen,16,17/12/15,13
FNWI_ESC_Vakantiedagen/Vakantie/P3/01,FNWI_ESC_Vakantiedagen,,Vakantie,0,21/12/15,40
FNWI_ESC_Vakantiedagen/Vakantie/P3/02,FNWI_ESC_Vakantiedagen,,Vakantie,0,22/12/15,40
FNWI_ESC_Vakantiedagen/Vakantie/P3/03,FNWI_ESC_Vakantiedagen,,Vakantie,0,23/12/15,40
FNWI_ESC_Vakantiedagen/Vakantie/P3/04,FNWI_ESC_Vakantiedagen,,Vakantie,0,24/12/15,40
FNWI_ESC_Vakantiedagen/Vakantie/P3/05,FNWI_ESC_Vakantiedagen,,Vakantie,0,25/12/15,40
FNWI_ESC_Vakantiedagen/Vakantie/P3/06,FNWI_ESC_Vakantiedagen,,Vakantie,0,28/12/15,40
FNWI_ESC_Vakantiedagen/Vakantie/P3/07,FNWI_ESC_Vakantiedagen,,Vakantie,0,29/12/15,40
FNWI_ESC_Vakantiedagen/Vakantie/P3/08,FNWI_ESC_Vakantiedagen,,Vakantie,0,30/12/15,40
FNWI_ESC_Vakantiedagen/Vakantie/P3/09,FNWI_ESC_Vakantiedagen,,Vakantie,0,31/12/15,40
FNWI_ESC_Vakantiedagen/Vakantie/P3/10,FNWI_ESC_Vakantiedagen,,Vakantie,0,01/01/16,40
FNWI_ESC_Vakantiedagen/Vakantie/P4/11,FNWI_ESC_Vakantiedagen,,Vakantie,0,25/03/16,40
FNWI_ESC_Vakantiedagen/Vakantie/P5/12,FNWI_ESC_Vakantiedagen,,Vakantie,0,28/03/16,40
FNWI_ESC_Vakantiedagen/Vakantie/P5/13,FNWI_ESC_Vakantiedagen,,Vakantie,0,27/04/16,40
FNWI_ESC_Vakantiedagen/Vakantie/P5/15,FNWI_ESC_Vakantiedagen,,Vakantie,0,05/05/16,40
FNWI_ESC_Vakantiedagen/Vakantie/P5/16,FNWI_ESC_Vakantiedagen,,Vakantie,0,16/05/16,40
FNWI_ESC_Vakantiedagen/Vakantie/P5/17,FNWI_ESC_Vakantiedagen,,Vakantie,0,06/05/16,40
FNWI_MScPH_VUBLOKKADE/AdhocBlok/P1/01,FNWI_MScPH_VUBLOKKADE,Blokkade VU dagen voor MSc Physics,Blokkeringsboeking,0,2/9/15,9/9/15,16/9/15,23/9/15,30/9/15,7/10/15,14/10/15,21/10/15,40
FNWI_MScPH_VUBLOKKADE/AdhocBlok/P1/02,FNWI_MScPH_VUBLOKKADE,Blokkade VU dagen voor MSc Physics,Blokkeringsboeking,0,4/9/15,11/9/15,18/9/15,25/9/15,2/10/15,9/10/15,16/10/15,23/10/15,40
FNWI_MScPH_VUBLOKKADE/AdhocBlok/P2/01,FNWI_MScPH_VUBLOKKADE,Blokkade VU dagen voor MSc Physics,Blokkeringsboeking,0,28/10/15,4/11/15,11/11/15,18/11/15,25/11/15,2/12/15,9/12/15,16/12/15,40
FNWI_MScPH_VUBLOKKADE/AdhocBlok/P2/02,FNWI_MScPH_VUBLOKKADE,Blokkade VU dagen voor MSc Physics,Blokkeringsboeking,0,30/10/15,6/11/15,13/11/15,20/11/15,27/11/15,4/12/15,11/12/15,18/12/15,40
FNWI_MScPH_VUBLOKKADE/AdhocBlok/P3/01,FNWI_MScPH_VUBLOKKADE,Blokkade VU dagen voor MSc Physics,Blokkeringsboeking,0,6/1/16,13/1/16,20/1/16,27/1/16,40
FNWI_MScPH_VUBLOKKADE/AdhocBlok/P3/02,FNWI_MScPH_VUBLOKKADE,Blokkade VU dagen voor MSc Physics,Blokkeringsboeking,0,8/1/16,15/1/16,22/1/16,29/1/16,40
FNWI_MScPH_VUBLOKKADE/AdhocBlok/P4/01,FNWI_MScPH_VUBLOKKADE,Blokkade VU dagen voor MSc Physics,Blokkeringsboeking,0,3/2/16,10/2/16,17/2/16,24/2/16,2/3/16,9/3/16,16/3/16,23/3/16,40
FNWI_MScPH_VUBLOKKADE/AdhocBlok/P4/02,FNWI_MScPH_VUBLOKKADE,Blokkade VU dagen voor MSc Physics,Blokkeringsboeking,0,5/2/16,12/2/16,19/2/16,26/2/16,4/3/16,11/3/16,18/3/16,40
FNWI_MScPH_VUBLOKKADE/AdhocBlok/P5/01,FNWI_MScPH_VUBLOKKADE,Blokkade VU dagen voor MSc Physics,Blokkeringsboeking,0,30/3/16,6/4/16,13/4/16,20/4/16,4/5/16,11/5/16,18/5/16,25/5/16,40
FNWI_MScPH_VUBLOKKADE/AdhocBlok/P5/02,FNWI_MScPH_VUBLOKKADE,Blokkade VU dagen voor MSc Physics,Blokkeringsboeking,0,1/4/16,8/4/16,15/4/16,22/4/16,29/4/16,13/5/16,20/5/16,27/5/16,40
FNWI_MScPH_VUBLOKKADE/AdhocBlok/P6/01,FNWI_MScPH_VUBLOKKADE,Blokkade VU dagen voor MSc Physics,Blokkeringsboeking,0,1/6/16,8/6/16,15/6/16,22/6/16,40
FNWI_MScPH_VUBLOKKADE/AdhocBlok/P6/02,FNWI_MScPH_VUBLOKKADE,Blokkade VU dagen voor MSc Physics,Blokkeringsboeking,0,1/7/16,8/7/16,15/7/16,22/7/16,29/7/16,40